DocumentID,PolicyID,locationCode,location,interestPol,yearMin,yearMax,startDate,endDate
document_id_1,policy_id_3557,전국,전국,"교육훈련, 체험, 인턴",18,34,20200924,20201024
document_id_2,policy_id_992,전남,광주,"교육훈련, 체험, 인턴",18,34,20200608,20200617
document_id_3,policy_id_982,전남,광주,"교육훈련, 체험, 인턴",0,99,20200101,20991231
document_id_4,policy_id_981,전남,광주,"교육훈련, 체험, 인턴",18,39,20200212,20200226
document_id_5,policy_id_977,전남,광주,"교육훈련, 체험, 인턴",19,39,20200101,20201231
document_id_6,policy_id_976,전남,광주,"교육훈련, 체험, 인턴",19,34,20200201,20200731
document_id_7,policy_id_963,전남,광주 동구,"교육훈련, 체험, 인턴",18,34,20200212,20200226
document_id_8,policy_id_956,전남,광주 동구,"교육훈련, 체험, 인턴",19,39,20200301,20200430
document_id_9,policy_id_896,경북,경북 영천시,"교육훈련, 체험, 인턴",18,39,20200101,20200630
document_id_10,policy_id_874,경북,경북 봉화군,"교육훈련, 체험, 인턴",18,39,20200318,20200522
document_id_11,policy_id_87,경북,대구,"교육훈련, 체험, 인턴",18,34,20200131,20200210
document_id_12,policy_id_864,경북,경북,"교육훈련, 체험, 인턴",16,18,20200301,20200315
document_id_13,policy_id_852,경북,경북,"교육훈련, 체험, 인턴",0,39,20200311,20200410
document_id_14,policy_id_85,경북,대구 달서구,"교육훈련, 체험, 인턴",0,29,20200601,20210229
document_id_15,policy_id_83,경북,대구 달서구,"교육훈련, 체험, 인턴",19,34,20200101,20201231
document_id_16,policy_id_822,경북,경북 군위군,"교육훈련, 체험, 인턴",18,39,20200701,20200831
document_id_17,policy_id_813,경북,경북 문경시,"교육훈련, 체험, 인턴",0,99,20200901,20200930
document_id_18,policy_id_810,경북,경북 김천시,"교육훈련, 체험, 인턴",15,39,20200101,20201231
document_id_19,policy_id_793,경북,경북 경산시,"교육훈련, 체험, 인턴",15,39,20200101,20201231
document_id_20,policy_id_791,경북,경북 경산시,"교육훈련, 체험, 인턴",15,39,20200101,20201231
document_id_21,policy_id_790,경북,경북 경산시,"교육훈련, 체험, 인턴",15,39,20200101,20201231
document_id_22,policy_id_79,경북,대구,"교육훈련, 체험, 인턴",18,35,20200101,20201231
document_id_23,policy_id_787,경북,경북 경산시,"교육훈련, 체험, 인턴",0,39,20200301,20201031
document_id_24,policy_id_780,경남,경남 함양군,"교육훈련, 체험, 인턴",18,40,20200101,20201231
document_id_25,policy_id_778,경남,경남 함양군,"교육훈련, 체험, 인턴",18,39,20200101,20201231
document_id_26,policy_id_748,경남,경남 통영시,"교육훈련, 체험, 인턴",18,39,20200106,20200115
document_id_27,policy_id_74,경북,대구 달서구,"교육훈련, 체험, 인턴",18,39,20200101,20201231
document_id_28,policy_id_719,경남,경남 창녕군,"교육훈련, 체험, 인턴",18,39,20200101,20201231
document_id_29,policy_id_70,경북,대구 달서구,"교육훈련, 체험, 인턴",0,34,20200501,20200630
document_id_30,policy_id_680,경남,경남 의령군,"교육훈련, 체험, 인턴",18,65,20200101,20201231
document_id_31,policy_id_668,경남,경남 양산시,"교육훈련, 체험, 인턴",18,39,20200101,20201231
document_id_32,policy_id_661,경남,경남 산청군,"교육훈련, 체험, 인턴",18,45,20200122,20200207
document_id_33,policy_id_654,경남,경남 사천시,"교육훈련, 체험, 인턴",18,34,20200330,20200417
document_id_34,policy_id_652,경남,경남 사천시,"교육훈련, 체험, 인턴",18,39,20200226,20200312
document_id_35,policy_id_637,경남,경남,"교육훈련, 체험, 인턴",19,34,20200526,20201210
document_id_36,policy_id_560,경남,경남 김해시,"교육훈련, 체험, 인턴",19,45,20200131,20200221
document_id_37,policy_id_547,경남,경남 김해시,"교육훈련, 체험, 인턴",15,39,20200101,20201231
document_id_38,policy_id_546,경남,경남 김해시,"교육훈련, 체험, 인턴",15,39,20200101,20201231
document_id_39,policy_id_537,경남,경남 고창군,"교육훈련, 체험, 인턴",18,45,20200316,20200417
document_id_40,policy_id_41,경북,대구,"교육훈련, 체험, 인턴",19,39,20200101,20201231
document_id_41,policy_id_38,경북,대구,"교육훈련, 체험, 인턴",0,99,20200101,20201231
document_id_42,policy_id_3,경북,대구,"교육훈련, 체험, 인턴",19,39,20200401,20200430
document_id_43,policy_id_2665,충북,충북 청주시,"교육훈련, 체험, 인턴",19,39,20200101,20201231
document_id_44,policy_id_2661,충북,충북 청주시,"교육훈련, 체험, 인턴",19,39,20200128,20200212
document_id_45,policy_id_2660,충북,충북 청주시,"교육훈련, 체험, 인턴",19,39,20200101,20201231
document_id_46,policy_id_2632,충북,충북 제천시,"교육훈련, 체험, 인턴",0,99,20201112,20210506
document_id_47,policy_id_2596,충북,충북 영동군,"교육훈련, 체험, 인턴",0,99,20200101,20201231
document_id_48,policy_id_2584,충북,충북,"교육훈련, 체험, 인턴",19,34,20200101,20201231
document_id_49,policy_id_2581,충북,충북,"교육훈련, 체험, 인턴",18,39,20200201,20200228
document_id_50,policy_id_2574,충북,충북,"교육훈련, 체험, 인턴",0,39,20200316,20200322
document_id_51,policy_id_2569,충북,충북,"교육훈련, 체험, 인턴",0,99,20200101,20201231
document_id_52,policy_id_2560,충북,충북,"교육훈련, 체험, 인턴",15,39,20200101,20201231
document_id_53,policy_id_2559,충북,충북,"교육훈련, 체험, 인턴",15,39,20200203,20200331
document_id_54,policy_id_2551,충북,충북,"교육훈련, 체험, 인턴",0,39,20200101,20201231
document_id_55,policy_id_2547,충북,충북,"교육훈련, 체험, 인턴",0,99,20200101,20201231
document_id_56,policy_id_2546,충북,충북,"교육훈련, 체험, 인턴",0,99,20200101,20201231
document_id_57,policy_id_2540,충북,충북,"교육훈련, 체험, 인턴",18,39,20200316,20200325
document_id_58,policy_id_2522,충북,충북 괴산군,"교육훈련, 체험, 인턴",14,38,20200101,20201231
document_id_59,policy_id_2498,충남,충남 청양군,"교육훈련, 체험, 인턴",0,99,20200101,20200630
document_id_60,policy_id_2489,충남,충남 천안시,"교육훈련, 체험, 인턴",19,35,20200101,20201231
document_id_61,policy_id_2469,충남,충남 아산시,"교육훈련, 체험, 인턴",18,34,20200601,20201231
document_id_62,policy_id_2461,충남,충남 서천군,"교육훈련, 체험, 인턴",18,39,20200602,20201231
document_id_63,policy_id_2415,충남,충남,"교육훈련, 체험, 인턴",18,34,20200101,20201231
document_id_64,policy_id_2414,충남,충남,"교육훈련, 체험, 인턴",18,34,20200217,20200228
document_id_65,policy_id_2412,충남,충남,"교육훈련, 체험, 인턴",18,34,20200101,20201231
document_id_66,policy_id_2401,충남,충남,"교육훈련, 체험, 인턴",0,99,20200101,20201231
document_id_67,policy_id_24,경북,대구 북구,"교육훈련, 체험, 인턴",0,39,20200203,20200214
document_id_68,policy_id_2373,충남,충남 논산시,"교육훈련, 체험, 인턴",18,39,20200101,20201231
document_id_69,policy_id_2362,충남,충남 계릉시,"교육훈련, 체험, 인턴",0,99,20200101,20201231
document_id_70,policy_id_2351,전남,제주,"교육훈련, 체험, 인턴",19,39,20200301,20200430
document_id_71,policy_id_2349,전남,제주,"교육훈련, 체험, 인턴",15,39,20200101,20201231
document_id_72,policy_id_2344,전남,제주,"교육훈련, 체험, 인턴",19,39,20200101,20201231
document_id_73,policy_id_2328,전남,제주,"교육훈련, 체험, 인턴",19,34,20200528,20200614
document_id_74,policy_id_2312,전남,제주,"교육훈련, 체험, 인턴",18,34,20200101,20200229
document_id_75,policy_id_2310,전남,제주,"교육훈련, 체험, 인턴",18,34,20200101,20200229
document_id_76,policy_id_2309,전남,제주,"교육훈련, 체험, 인턴",0,99,20200101,20201231
document_id_77,policy_id_2308,전남,제주,"교육훈련, 체험, 인턴",19,34,20200101,20201231
document_id_78,policy_id_2307,전남,제주,"교육훈련, 체험, 인턴",18,34,20200101,20200229
document_id_79,policy_id_2301,전남,제주,"교육훈련, 체험, 인턴",0,99,20200101,20201231
document_id_80,policy_id_2300,전남,제주,"교육훈련, 체험, 인턴",0,99,20200101,20201231
document_id_81,policy_id_23,경북,대구 북구,"교육훈련, 체험, 인턴",0,39,20200101,20201231
document_id_82,policy_id_2299,전남,제주,"교육훈련, 체험, 인턴",0,99,20200101,20201231
document_id_83,policy_id_2295,전남,제주,"교육훈련, 체험, 인턴",18,39,20200101,20201231
document_id_84,policy_id_2288,전남,제주,"교육훈련, 체험, 인턴",18,34,20200101,20201231
document_id_85,policy_id_2287,전남,제주,"교육훈련, 체험, 인턴",0,99,20200101,20201231
document_id_86,policy_id_2282,전남,제주,"교육훈련, 체험, 인턴",0,99,20200101,20201231
document_id_87,policy_id_2281,전남,제주,"교육훈련, 체험, 인턴",0,99,20200101,20201231
document_id_88,policy_id_2277,전남,제주,"교육훈련, 체험, 인턴",18,34,20200101,20200229
document_id_89,policy_id_2276,전남,제주,"교육훈련, 체험, 인턴",18,39,20200116,20200207
document_id_90,policy_id_2,경북,대구,"교육훈련, 체험, 인턴",19,34,20200401,20200430
document_id_91,policy_id_1898,전남,전남 화순군,"교육훈련, 체험, 인턴",18,29,20200101,20201231
document_id_92,policy_id_1885,전남,전남 진도군,"교육훈련, 체험, 인턴",18,49,20200101,20201231
document_id_93,policy_id_1884,전남,전남 진도군,"교육훈련, 체험, 인턴",18,49,20200101,20201231
document_id_94,policy_id_1856,전남,전남 여수시,"교육훈련, 체험, 인턴",0,99,20200101,20201231
document_id_95,policy_id_1851,전남,전남 여수시,"교육훈련, 체험, 인턴",19,39,20200301,20200331
document_id_96,policy_id_1847,전남,전남 여수시,"교육훈련, 체험, 인턴",19,39,20200301,20200331
document_id_97,policy_id_1832,전남,전남 순천시,"교육훈련, 체험, 인턴",0,99,20200101,20201231
document_id_98,policy_id_1831,전남,전남 순천시,"교육훈련, 체험, 인턴",18,29,20200601,20200630
document_id_99,policy_id_1829,전남,전남 순천시,"교육훈련, 체험, 인턴",0,50,20200301,20200331
document_id_100,policy_id_1824,전남,전남,"교육훈련, 체험, 인턴",18,29,20200101,20200131
document_id_101,policy_id_1808,전남,전남,"교육훈련, 체험, 인턴",18,99,20200401,20200531
document_id_102,policy_id_1806,전남,전남,"교육훈련, 체험, 인턴",18,34,20200101,20201231
document_id_103,policy_id_1801,전남,전남,"교육훈련, 체험, 인턴",0,99,20200101,20201231
document_id_104,policy_id_18,경북,대구,"교육훈련, 체험, 인턴",18,39,20200101,20201231
document_id_105,policy_id_1792,전남,전남,"교육훈련, 체험, 인턴",0,99,20200101,20201231
document_id_106,policy_id_1791,전남,전남,"교육훈련, 체험, 인턴",18,34,20200401,20200430
document_id_107,policy_id_1766,전남,전남 담양군,"교육훈련, 체험, 인턴",18,99,20200101,20201231
document_id_108,policy_id_1753,전남,전남 광양시,"교육훈련, 체험, 인턴",18,39,20200101,20201231
document_id_109,policy_id_1751,전남,전남 광양시,"교육훈련, 체험, 인턴",18,39,20200101,20201231
document_id_110,policy_id_1746,전남,전남 광양시,"교육훈련, 체험, 인턴",18,39,20200206,20200214
document_id_111,policy_id_1720,경기,인천 연수구,"교육훈련, 체험, 인턴",0,99,20200101,20201231
document_id_112,policy_id_1710,경기,인천 서구,"교육훈련, 체험, 인턴",18,34,20200101,20201231
document_id_113,policy_id_171,강원,강원 태백시,"교육훈련, 체험, 인턴",0,99,20200101,20200229
document_id_114,policy_id_1709,경기,인천 서구,"교육훈련, 체험, 인턴",19,34,20200713,20200724
document_id_115,policy_id_1693,경기,인천,"교육훈련, 체험, 인턴",0,99,20200801,20201231
document_id_116,policy_id_1689,경기,인천,"교육훈련, 체험, 인턴",0,39,20200101,20200331
document_id_117,policy_id_1683,경기,인천,"교육훈련, 체험, 인턴",0,39,20200101,20201231
document_id_118,policy_id_1675,경기,인천,"교육훈련, 체험, 인턴",19,39,20200201,20200331
document_id_119,policy_id_1674,경기,인천,"교육훈련, 체험, 인턴",0,99,20200101,20201231
document_id_120,policy_id_1673,경기,인천,"교육훈련, 체험, 인턴",0,99,20200101,20201231
document_id_121,policy_id_1672,경기,인천,"교육훈련, 체험, 인턴",0,99,20200101,20201231
document_id_122,policy_id_1666,경기,인천,"교육훈련, 체험, 인턴",18,34,20200229,20201231
document_id_123,policy_id_1652,경기,인천 남동구,"교육훈련, 체험, 인턴",18,39,20200720,20200724
document_id_124,policy_id_1649,경기,인천 남동구,"교육훈련, 체험, 인턴",0,99,20200101,20201231
document_id_125,policy_id_1636,경남,울산 중구,"교육훈련, 체험, 인턴",18,39,20200101,20201231
document_id_126,policy_id_1635,경남,울산 중구,"교육훈련, 체험, 인턴",18,39,20200101,20201231
document_id_127,policy_id_1634,경남,울산 중구,"교육훈련, 체험, 인턴",18,39,20200601,20200615
document_id_128,policy_id_1633,경남,울산 중구,"교육훈련, 체험, 인턴",18,39,20200301,20200403
document_id_129,policy_id_1624,경남,울산 울주군,"교육훈련, 체험, 인턴",18,39,20200217,20200221
document_id_130,policy_id_1612,경남,울산,"교육훈련, 체험, 인턴",0,99,20200217,20200225
document_id_131,policy_id_1601,경남,울산,"교육훈련, 체험, 인턴",18,39,20200601,20200731
document_id_132,policy_id_1599,경남,울산,"교육훈련, 체험, 인턴",18,34,20200821,20200904
document_id_133,policy_id_1590,경남,울산,"교육훈련, 체험, 인턴",15,34,20200101,20201231
document_id_134,policy_id_1584,경남,울산 동구,"교육훈련, 체험, 인턴",0,99,20200101,20201231
document_id_135,policy_id_1583,경남,울산 동구,"교육훈련, 체험, 인턴",0,99,20200101,20201231
document_id_136,policy_id_1579,경남,울산 남구,"교육훈련, 체험, 인턴",18,39,20200101,20201231
document_id_137,policy_id_154,강원,강원 원주시,"교육훈련, 체험, 인턴",15,39,20200301,20201231
document_id_138,policy_id_1538,서울,서울 은평구,"교육훈련, 체험, 인턴",18,99,20200101,20201231
document_id_139,policy_id_1536,서울,서울 은평구,"교육훈련, 체험, 인턴",19,39,20200101,20201231
document_id_140,policy_id_1513,서울,서울 영등포구,"교육훈련, 체험, 인턴",19,39,20200201,20200310
document_id_141,policy_id_1477,서울,서울 성동구,"교육훈련, 체험, 인턴",0,39,20200501,20200531
document_id_142,policy_id_1469,서울,서울 서초구,"교육훈련, 체험, 인턴",19,39,20200211,20200222
document_id_143,policy_id_1464,서울,서울 서초구,"교육훈련, 체험, 인턴",19,39,20200101,20201231
document_id_144,policy_id_1458,서울,서울 서초구,"교육훈련, 체험, 인턴",19,39,20200101,20201231
document_id_145,policy_id_144,강원,강원 양구군,"교육훈련, 체험, 인턴",18,34,20200201,20201231
document_id_146,policy_id_143,강원,강원 양구군,"교육훈련, 체험, 인턴",18,34,20200201,20201231
document_id_147,policy_id_1423,서울,서울,"교육훈련, 체험, 인턴",0,99,20200101,20201231
document_id_148,policy_id_142,강원,강원 양구군,"교육훈련, 체험, 인턴",18,34,20200201,20201231
document_id_149,policy_id_1404,서울,서울,"교육훈련, 체험, 인턴",19,34,20200101,20201231
document_id_150,policy_id_14,경북,대구,"교육훈련, 체험, 인턴",19,34,20200101,20201231
document_id_151,policy_id_139,강원,강원 양구군,"교육훈련, 체험, 인턴",19,34,20200101,20201231
document_id_152,policy_id_13,경북,대구 남구,"교육훈련, 체험, 인턴",18,99,20200617,20200710
document_id_153,policy_id_1298,서울,서울 관악구,"교육훈련, 체험, 인턴",19,39,20200101,20201231
document_id_154,policy_id_1297,서울,서울 관악구,"교육훈련, 체험, 인턴",19,39,20200401,20200430
document_id_155,policy_id_1296,서울,서울 관악구,"교육훈련, 체험, 인턴",19,39,20200101,20201231
document_id_156,policy_id_1294,서울,서울 관악구,"교육훈련, 체험, 인턴",15,39,20200301,20201130
document_id_157,policy_id_1293,서울,서울 관악구,"교육훈련, 체험, 인턴",19,39,20200301,20201130
document_id_158,policy_id_1275,서울,서울 강북구,"교육훈련, 체험, 인턴",19,39,20200207,20200217
document_id_159,policy_id_1245,서울,서울 구로구,"교육훈련, 체험, 인턴",18,39,20200101,20201231
document_id_160,policy_id_1241,경남,부산 영도구,"교육훈련, 체험, 인턴",18,39,20200101,20201231
document_id_161,policy_id_1233,경남,부산 수영구,"교육훈련, 체험, 인턴",18,34,20200101,20201231
document_id_162,policy_id_1216,경남,부산 북구,"교육훈련, 체험, 인턴",18,39,20200101,20201231
document_id_163,policy_id_1214,경남,부산 북구,"교육훈련, 체험, 인턴",18,39,20200101,20201231
document_id_164,policy_id_121,강원,강원 동해시,"교육훈련, 체험, 인턴",0,99,20200101,20201231
document_id_165,policy_id_1201,경남,부산,"교육훈련, 체험, 인턴",18,39,20200101,20200229
document_id_166,policy_id_120,강원,강원 동해시,"교육훈련, 체험, 인턴",18,39,20200101,20201231
document_id_167,policy_id_12,경북,대구,"교육훈련, 체험, 인턴",0,99,20200601,20200711
document_id_168,policy_id_1183,경남,부산,"교육훈련, 체험, 인턴",0,99,20200401,20200430
document_id_169,policy_id_1182,경남,부산,"교육훈련, 체험, 인턴",18,34,20200101,20201231
document_id_170,policy_id_1145,경남,부산,"교육훈련, 체험, 인턴",18,34,20200101,20201231
document_id_171,policy_id_1144,경남,부산,"교육훈련, 체험, 인턴",0,39,20200101,20201231
document_id_172,policy_id_1130,경남,부산,"교육훈련, 체험, 인턴",18,39,20200101,20201231
document_id_173,policy_id_1128,경남,부산,"교육훈련, 체험, 인턴",18,34,20200101,20201231
document_id_174,policy_id_1124,경남,부산,"교육훈련, 체험, 인턴",0,99,20200101,20201231
document_id_175,policy_id_1122,경남,부산,"교육훈련, 체험, 인턴",18,34,20200214,20200316
document_id_176,policy_id_1120,경남,부산,"교육훈련, 체험, 인턴",18,34,20200101,20201231
document_id_177,policy_id_1117,경남,부산 동구,"교육훈련, 체험, 인턴",18,39,20200101,20201231
document_id_178,policy_id_1116,경남,부산 동구,"교육훈련, 체험, 인턴",18,39,20200101,20201231
document_id_179,policy_id_1114,경남,부산 남구,"교육훈련, 체험, 인턴",19,39,20200101,20201231
document_id_180,policy_id_1113,경남,부산 남구,"교육훈련, 체험, 인턴",18,39,20200101,20201231
document_id_181,policy_id_1099,경남,부산 강서구,"교육훈련, 체험, 인턴",18,39,20200101,20201231
document_id_182,policy_id_1095,충남,대전 유성구,"교육훈련, 체험, 인턴",18,34,20200201,20200229
document_id_183,policy_id_1094,충남,대전 유성구,"교육훈련, 체험, 인턴",18,34,20200101,20201231
document_id_184,policy_id_1093,충남,대전 서구,"교육훈련, 체험, 인턴",19,39,20200201,20200229
document_id_185,policy_id_1073,충남,대전,"교육훈련, 체험, 인턴",18,39,20200201,20201231
document_id_186,policy_id_1072,충남,대전,"교육훈련, 체험, 인턴",18,39,20200201,20201231
document_id_187,policy_id_1060,충남,대전,"교육훈련, 체험, 인턴",15,39,20200301,20201031
document_id_188,policy_id_1059,충남,대전,"교육훈련, 체험, 인턴",0,99,20200213,20200227
document_id_189,policy_id_1052,충남,대전,"교육훈련, 체험, 인턴",19,39,20200401,20201131
document_id_190,policy_id_1043,충남,대전 동구,"교육훈련, 체험, 인턴",18,39,20200101,20201231
document_id_191,policy_id_1042,충남,대전 동구,"교육훈련, 체험, 인턴",19,39,20200217,20200221
document_id_192,policy_id_1039,충남,대전 대덕구,"교육훈련, 체험, 인턴",19,39,20200501,20200531
document_id_193,policy_id_1021,전남,광주 북구,"교육훈련, 체험, 인턴",19,39,20200301,20200331
document_id_194,policy_id_1020,전남,광주 북구,"교육훈련, 체험, 인턴",19,39,20200226,20200310
document_id_195,policy_id_101,경북,대구,"교육훈련, 체험, 인턴",19,34,20200201,20201130
document_id_196,policy_id_1007,전남,광주,"교육훈련, 체험, 인턴",19,39,20200101,20201231
document_id_197,policy_id_1000,전남,광주,"교육훈련, 체험, 인턴",18,39,20200101,20201231
document_id_198,policy_id_2982,전국,전국,"교육훈련, 체험, 인턴",0,99,20200801,20200831
document_id_199,policy_id_2981,전국,전국,"교육훈련, 체험, 인턴",18,99,20200101,20201231
document_id_200,policy_id_2980,전국,전국,"교육훈련, 체험, 인턴",0,99,20200805,20200819
document_id_201,policy_id_2979,전국,전국,"교육훈련, 체험, 인턴",0,99,20200810,20200818
document_id_202,policy_id_2978,전국,전국,"교육훈련, 체험, 인턴",0,99,20200701,20201031
document_id_203,policy_id_2976,전국,전국,"교육훈련, 체험, 인턴",0,99,20200801,20201231
document_id_204,policy_id_2974,전국,전국,"교육훈련, 체험, 인턴",0,99,20200801,20201231
document_id_205,policy_id_2973,전국,전국,"교육훈련, 체험, 인턴",0,99,20200814,20200824
document_id_206,policy_id_2970,전국,전국,"교육훈련, 체험, 인턴",18,60,20200804,20200810
document_id_207,policy_id_2969,전국,전국,"교육훈련, 체험, 인턴",15,34,20200731,20200807
document_id_208,policy_id_2968,전국,전국,"교육훈련, 체험, 인턴",18,99,20200724,20200812
document_id_209,policy_id_2967,전국,전국,"교육훈련, 체험, 인턴",0,99,20200727,20200813
document_id_210,policy_id_2966,전국,전국,"교육훈련, 체험, 인턴",0,65,20200724,20200729
document_id_211,policy_id_2965,전국,전국,"교육훈련, 체험, 인턴",0,99,20200724,20200729
document_id_212,policy_id_2964,전국,전국,"교육훈련, 체험, 인턴",18,65,20200727,20200810
document_id_213,policy_id_2963,전국,전국,"교육훈련, 체험, 인턴",0,99,20200801,20201231
document_id_214,policy_id_2962,전국,전국,"교육훈련, 체험, 인턴",0,99,20200720,20200731
document_id_215,policy_id_2961,전국,전국,"교육훈련, 체험, 인턴",0,99,20200720,20200731
document_id_216,policy_id_2960,전국,전국,"교육훈련, 체험, 인턴",0,99,20200720,20200731
document_id_217,policy_id_2959,전국,전국,"교육훈련, 체험, 인턴",0,99,20200101,20200731
document_id_218,policy_id_2958,전국,전국,"교육훈련, 체험, 인턴",0,99,20200720,20200731
document_id_219,policy_id_2957,전국,전국,"교육훈련, 체험, 인턴",19,34,20200722,20200731
document_id_220,policy_id_2956,전국,전국,"교육훈련, 체험, 인턴",19,34,20200101,20201231
document_id_221,policy_id_2955,전국,전국,"교육훈련, 체험, 인턴",19,99,20200701,20200731
document_id_222,policy_id_2954,전국,전국,"교육훈련, 체험, 인턴",0,99,20200101,20201231
document_id_223,policy_id_2953,전국,전국,"교육훈련, 체험, 인턴",18,99,20200707,20200717
document_id_224,policy_id_2952,전국,전국,"교육훈련, 체험, 인턴",18,99,20200801,20200930
document_id_225,policy_id_2951,전국,전국,"교육훈련, 체험, 인턴",19,34,20200710,20200720
document_id_226,policy_id_2950,전국,전국,"교육훈련, 체험, 인턴",19,34,20200710,20200720
document_id_227,policy_id_2949,전국,전국,"교육훈련, 체험, 인턴",19,34,20200710,20200720
document_id_228,policy_id_2948,전국,전국,"교육훈련, 체험, 인턴",19,34,20200710,20200720
document_id_229,policy_id_2947,전국,전국,"교육훈련, 체험, 인턴",19,34,20200710,20200720
document_id_230,policy_id_2946,전국,전국,"교육훈련, 체험, 인턴",19,34,20200710,20200720
document_id_231,policy_id_2945,전국,전국,"교육훈련, 체험, 인턴",0,99,20200713,20200723
document_id_232,policy_id_2944,전국,전국,"교육훈련, 체험, 인턴",0,99,20200715,20200726
document_id_233,policy_id_2943,전국,전국,"교육훈련, 체험, 인턴",0,99,20200101,20201231
document_id_234,policy_id_2942,전국,전국,"교육훈련, 체험, 인턴",18,99,20200713,20200719
document_id_235,policy_id_2941,전국,전국,"교육훈련, 체험, 인턴",0,99,20200715,20200725
document_id_236,policy_id_2940,전국,전국,"교육훈련, 체험, 인턴",20,99,20200715,20200724
document_id_237,policy_id_2939,전국,전국,"교육훈련, 체험, 인턴",0,99,20200708,20200731
document_id_238,policy_id_2937,전국,전국,"교육훈련, 체험, 인턴",19,34,20200708,20200723
document_id_239,policy_id_2935,전국,전국,"교육훈련, 체험, 인턴",0,99,20200701,20200831
document_id_240,policy_id_2934,전국,전국,"교육훈련, 체험, 인턴",0,99,20200701,20200831
document_id_241,policy_id_2933,전국,전국,"교육훈련, 체험, 인턴",0,99,20200701,20200831
document_id_242,policy_id_2932,전국,전국,"교육훈련, 체험, 인턴",19,29,20200701,20200831
document_id_243,policy_id_2924,전국,전국,"교육훈련, 체험, 인턴",18,34,20200701,20211231
document_id_244,policy_id_2918,전국,전국,"교육훈련, 체험, 인턴",0,34,20200101,20200630
document_id_245,policy_id_2912,전국,전국,"교육훈련, 체험, 인턴",0,99,20200101,20201231
document_id_246,policy_id_2902,전국,전국,"교육훈련, 체험, 인턴",0,99,20200101,20201231
document_id_247,policy_id_2891,전국,전국,"교육훈련, 체험, 인턴",0,34,20200101,20201231
document_id_248,policy_id_2887,전국,전국,"교육훈련, 체험, 인턴",17,99,20200201,20200731
document_id_249,policy_id_2869,전국,전국,"교육훈련, 체험, 인턴",15,24,20200101,20200229
document_id_250,policy_id_2867,전국,전국,"교육훈련, 체험, 인턴",0,99,20200501,20200630
document_id_251,policy_id_2865,전국,전국,"교육훈련, 체험, 인턴",0,99,20200301,20201130
document_id_252,policy_id_2861,전국,전국,"교육훈련, 체험, 인턴",15,34,20200101,20201231
document_id_253,policy_id_2859,전국,전국,"교육훈련, 체험, 인턴",0,99,20200101,20201231
document_id_254,policy_id_2850,전국,전국,"교육훈련, 체험, 인턴",18,34,20200101,20201231
document_id_255,policy_id_2844,전국,전국,"교육훈련, 체험, 인턴",20,30,20200101,20201231
document_id_256,policy_id_2840,전국,전국,"교육훈련, 체험, 인턴",0,23,20200101,20201231
document_id_257,policy_id_2825,전국,전국,"교육훈련, 체험, 인턴",19,39,20200101,20201231
document_id_258,policy_id_2817,전국,전국,"교육훈련, 체험, 인턴",0,39,20200309,20200406
document_id_259,policy_id_2785,전국,전국,"교육훈련, 체험, 인턴",15,34,20200101,20201231
document_id_260,policy_id_2784,전국,전국,"교육훈련, 체험, 인턴",18,99,20200101,20201231
document_id_261,policy_id_2778,전국,전국,"교육훈련, 체험, 인턴",20,39,20200101,20201231
document_id_262,policy_id_2777,전국,전국,"교육훈련, 체험, 인턴",0,99,20200101,20201231
document_id_263,policy_id_2773,전국,전국,"교육훈련, 체험, 인턴",0,99,20200101,20201231
document_id_264,policy_id_2770,전국,전국,"교육훈련, 체험, 인턴",18,19,20200101,20201231
document_id_265,policy_id_2769,전국,전국,"교육훈련, 체험, 인턴",18,19,20200101,20201231
document_id_266,policy_id_2766,전국,전국,"교육훈련, 체험, 인턴",0,99,20200101,20201231
document_id_267,policy_id_2762,전국,전국,"교육훈련, 체험, 인턴",0,99,20200101,20201231
document_id_268,policy_id_2753,전국,전국,"교육훈련, 체험, 인턴",0,99,20200101,20201231
document_id_269,policy_id_2752,전국,전국,"교육훈련, 체험, 인턴",18,34,20200101,20201231
document_id_270,policy_id_2746,전국,전국,"교육훈련, 체험, 인턴",0,34,20200123,20200224
document_id_271,policy_id_2745,전국,전국,"교육훈련, 체험, 인턴",0,99,20200218,20201231
document_id_272,policy_id_2743,전국,전국,"교육훈련, 체험, 인턴",0,34,20200205,20200902
document_id_273,policy_id_2741,전국,전국,"교육훈련, 체험, 인턴",0,39,20201101,20201231
document_id_274,policy_id_2727,전국,전국,"교육훈련, 체험, 인턴",0,99,20200101,20201231
document_id_275,policy_id_2726,전국,전국,"교육훈련, 체험, 인턴",18,69,20200101,20201231
document_id_276,policy_id_2725,전국,전국,"교육훈련, 체험, 인턴",15,24,20200101,20201231
document_id_277,policy_id_2723,전국,전국,"교육훈련, 체험, 인턴",0,34,20200101,20201231
document_id_278,policy_id_2721,전국,전국,"교육훈련, 체험, 인턴",18,34,20200101,20200925
document_id_279,policy_id_2720,전국,전국,"교육훈련, 체험, 인턴",0,99,20200101,20201231
document_id_280,policy_id_2718,전국,전국,"교육훈련, 체험, 인턴",15,34,20200101,20201231
document_id_281,policy_id_2715,전국,전국,"교육훈련, 체험, 인턴",12,55,20200101,20201231
document_id_282,policy_id_2713,전국,전국,"교육훈련, 체험, 인턴",15,99,20200101,20201231
document_id_283,policy_id_2712,전국,전국,"교육훈련, 체험, 인턴",0,99,20200101,20201231
document_id_284,policy_id_2711,전국,전국,"교육훈련, 체험, 인턴",15,39,20200101,20201231
document_id_285,policy_id_2709,전국,전국,"교육훈련, 체험, 인턴",0,99,20200101,20201231
document_id_286,policy_id_2708,전국,전국,"교육훈련, 체험, 인턴",0,99,20200101,20201231
document_id_287,policy_id_2706,전국,전국,"교육훈련, 체험, 인턴",15,34,20200101,20201231
document_id_288,policy_id_2705,전국,전국,"교육훈련, 체험, 인턴",0,99,20200101,20201231
document_id_289,policy_id_2704,전국,전국,"교육훈련, 체험, 인턴",0,99,20200101,20201231
document_id_290,policy_id_2703,전국,전국,"교육훈련, 체험, 인턴",18,64,20200101,20201231
document_id_291,policy_id_2702,전국,전국,"교육훈련, 체험, 인턴",0,75,20200101,20201231
document_id_292,policy_id_2700,전국,전국,"교육훈련, 체험, 인턴",15,99,20200101,20201231
document_id_293,policy_id_2699,전국,전국,"교육훈련, 체험, 인턴",15,34,20200101,20201231
document_id_294,policy_id_2698,전국,전국,"교육훈련, 체험, 인턴",0,99,20200101,20201231
document_id_295,policy_id_2697,전국,전국,"교육훈련, 체험, 인턴",0,99,20200101,20201231
document_id_296,policy_id_2695,전국,전국,"교육훈련, 체험, 인턴",15,34,20200101,20201231
document_id_297,policy_id_2694,전국,전국,"교육훈련, 체험, 인턴",15,34,20200101,20201231
document_id_298,policy_id_2693,전국,전국,"교육훈련, 체험, 인턴",15,34,20200101,20201231
document_id_299,policy_id_2692,전국,전국,"교육훈련, 체험, 인턴",15,99,20200101,20201231
document_id_300,policy_id_2359,전남,제주 제주시,"교육훈련, 체험, 인턴",0,99,20200101,20201231
document_id_301,policy_id_2354,전남,제주 제주시,"교육훈련, 체험, 인턴",0,99,20200101,20201231
document_id_302,policy_id_2326,전남,제주,"교육훈련, 체험, 인턴",19,39,20200101,20201231
document_id_303,policy_id_2319,전남,제주,"교육훈련, 체험, 인턴",19,34,20200101,20201020
document_id_304,policy_id_2283,전남,제주,"교육훈련, 체험, 인턴",19,39,20200101,20201231
document_id_305,policy_id_2488,충남,충남 천안시,"교육훈련, 체험, 인턴",18,39,20200102,20201231
document_id_306,policy_id_2478,충남,충남 아산시,"교육훈련, 체험, 인턴",18,34,20200101,20201231
document_id_307,policy_id_2473,충남,충남 아산시,"교육훈련, 체험, 인턴",0,99,20200101,20201231
document_id_308,policy_id_2471,충남,충남 아산시,"교육훈련, 체험, 인턴",0,99,20200101,20201231
document_id_309,policy_id_2470,충남,충남 아산시,"교육훈련, 체험, 인턴",18,34,20200101,20201231
document_id_310,policy_id_2425,충남,충남,"교육훈련, 체험, 인턴",18,50,20200101,20201231
document_id_311,policy_id_2388,충남,충남 보령시,"교육훈련, 체험, 인턴",0,99,20200101,20201231
document_id_312,policy_id_2384,충남,충남 당진시,"교육훈련, 체험, 인턴",18,39,20200101,20201231
document_id_313,policy_id_2383,충남,충남 당진시,"교육훈련, 체험, 인턴",18,39,20200101,20201231
document_id_314,policy_id_2370,충남,충남 금산군,"교육훈련, 체험, 인턴",0,99,20200101,20201231
document_id_315,policy_id_773,경남,경남 함안군,"교육훈련, 체험, 인턴",18,35,20200101,20201231
document_id_316,policy_id_772,경남,경남 하동군,"교육훈련, 체험, 인턴",0,99,20200101,20201231
document_id_317,policy_id_767,경남,경남 하동군,"교육훈련, 체험, 인턴",18,39,20200101,20201231
document_id_318,policy_id_764,경남,경남 하동군,"교육훈련, 체험, 인턴",18,99,20200101,20201231
document_id_319,policy_id_740,경남,경남 창원시,"교육훈련, 체험, 인턴",18,34,20200201,20201231
document_id_320,policy_id_736,경남,경남 창원시,"교육훈련, 체험, 인턴",0,99,20200629,20200706
document_id_321,policy_id_732,경남,경남 창원시,"교육훈련, 체험, 인턴",15,34,20200101,20201231
document_id_322,policy_id_730,경남,경남 창원시,"교육훈련, 체험, 인턴",15,34,20200101,20201231
document_id_323,policy_id_724,경남,경남 창녕군,"교육훈련, 체험, 인턴",18,34,20200301,20200331
document_id_324,policy_id_714,경남,경남 진주시,"교육훈련, 체험, 인턴",0,39,20200101,20201231
document_id_325,policy_id_711,경남,경남 진주시,"교육훈련, 체험, 인턴",0,99,20200101,20201231
document_id_326,policy_id_710,경남,경남 진주시,"교육훈련, 체험, 인턴",0,99,20200101,20201231
document_id_327,policy_id_709,경남,경남 진주시,"교육훈련, 체험, 인턴",0,99,20200101,20201231
document_id_328,policy_id_707,경남,경남 진주시,"교육훈련, 체험, 인턴",40,45,20200201,20200229
document_id_329,policy_id_704,경남,경남 진주시,"교육훈련, 체험, 인턴",0,39,20200801,20200810
document_id_330,policy_id_700,경남,경남 진주시,"교육훈련, 체험, 인턴",18,29,20200501,20201130
document_id_331,policy_id_693,경남,경남 진주시,"교육훈련, 체험, 인턴",0,99,20200101,20201231
document_id_332,policy_id_692,경남,경남 진주시,"교육훈련, 체험, 인턴",18,34,20200101,20201231
document_id_333,policy_id_691,경남,경남 진주시,"교육훈련, 체험, 인턴",18,34,20200301,20200331
document_id_334,policy_id_690,경남,경남 진주시,"교육훈련, 체험, 인턴",18,99,20200101,20201231
document_id_335,policy_id_689,경남,경남 진주시,"교육훈련, 체험, 인턴",18,34,20200101,20201231
document_id_336,policy_id_688,경남,경남 진주시,"교육훈련, 체험, 인턴",0,99,20200501,20201231
document_id_337,policy_id_679,경남,경남 양산시/ 함양군,"교육훈련, 체험, 인턴",18,34,20200301,20200331
document_id_338,policy_id_663,경남,경남 양산시,"교육훈련, 체험, 인턴",0,34,20200501,20201231
document_id_339,policy_id_660,경남,경남,"교육훈련, 체험, 인턴",18,39,20201014,20201024
document_id_340,policy_id_650,경남,경남 사천시,"교육훈련, 체험, 인턴",18,45,20200101,20201231
document_id_341,policy_id_648,경남,경남,"교육훈련, 체험, 인턴",19,39,20200106,20200122
document_id_342,policy_id_640,경남,경남 사천시,"교육훈련, 체험, 인턴",18,45,20200201,20201231
document_id_343,policy_id_624,경남,경남,"교육훈련, 체험, 인턴",0,39,20200203,20200221
document_id_344,policy_id_623,경남,경남,"교육훈련, 체험, 인턴",0,34,20200301,20200630
document_id_345,policy_id_613,경남,경남 진주시,"교육훈련, 체험, 인턴",18,39,20200203,20200331
document_id_346,policy_id_612,경남,경남,"교육훈련, 체험, 인턴",18,34,20200301,20200331
document_id_347,policy_id_608,경남,경남,"교육훈련, 체험, 인턴",18,34,20200201,20200630
document_id_348,policy_id_605,경남,경남,"교육훈련, 체험, 인턴",0,99,20200101,20201231
document_id_349,policy_id_596,경남,경남 밀양시,"교육훈련, 체험, 인턴",18,39,20200101,20200229
document_id_350,policy_id_593,경남,경남 밀양시,"교육훈련, 체험, 인턴",18,35,20200101,20200531
document_id_351,policy_id_592,경남,경남 밀양시,"교육훈련, 체험, 인턴",18,39,20200101,20200229
document_id_352,policy_id_591,경남,경남 밀양시,"교육훈련, 체험, 인턴",18,39,20200101,20200229
document_id_353,policy_id_588,경남,경남 밀양시,"교육훈련, 체험, 인턴",18,39,20200301,20200331
document_id_354,policy_id_573,경남,경남 남해군,"교육훈련, 체험, 인턴",18,39,20200101,20200630
document_id_355,policy_id_571,경남,경남 김해시,"교육훈련, 체험, 인턴",19,39,20200101,20201231
document_id_356,policy_id_525,경남,경남 거창군,"교육훈련, 체험, 인턴",18,34,20200501,20200531
document_id_357,policy_id_505,경기,경기 화성시,"교육훈련, 체험, 인턴",18,80,20200316,20200325
document_id_358,policy_id_503,경기,경기 화성시,"교육훈련, 체험, 인턴",17,29,20201020,20200131
document_id_359,policy_id_496,경기,경기 화성시,"교육훈련, 체험, 인턴",19,34,20200201,20200630
document_id_360,policy_id_495,경기,경기 화성시,"교육훈련, 체험, 인턴",19,39,20200102,20201218
document_id_361,policy_id_493,경기,경기 하남시,"교육훈련, 체험, 인턴",19,49,20200101,20200630
document_id_362,policy_id_491,경기,경기 하남시,"교육훈련, 체험, 인턴",18,39,20200101,20201231
document_id_363,policy_id_482,경기,경기 포천시,"교육훈련, 체험, 인턴",0,39,20200129,20200226
document_id_364,policy_id_480,경기,경기 포천시,"교육훈련, 체험, 인턴",0,99,20200101,20201231
document_id_365,policy_id_479,경기,경기 포천시,"교육훈련, 체험, 인턴",0,39,20200219,20200309
document_id_366,policy_id_478,경기,경기 포천시,"교육훈련, 체험, 인턴",0,99,20200101,20201231
document_id_367,policy_id_476,경기,경기 평택시,"교육훈련, 체험, 인턴",18,34,20200101,20201231
document_id_368,policy_id_475,경기,경기 평택시,"교육훈련, 체험, 인턴",0,99,20200101,20201231
document_id_369,policy_id_473,경기,경기 평택시,"교육훈련, 체험, 인턴",0,34,20200101,20201231
document_id_370,policy_id_468,경기,경기 평택시,"교육훈련, 체험, 인턴",19,39,20200101,20201231
document_id_371,policy_id_467,경기,경기 평택시,"교육훈련, 체험, 인턴",19,39,20200101,20201231
document_id_372,policy_id_466,경기,경기 평택시,"교육훈련, 체험, 인턴",19,39,20200302,20201210
document_id_373,policy_id_461,경기,경기 파주시,"교육훈련, 체험, 인턴",0,99,20200101,20201231
document_id_374,policy_id_460,경기,경기 파주시,"교육훈련, 체험, 인턴",0,99,20200101,20201231
document_id_375,policy_id_459,경기,경기 파주시,"교육훈련, 체험, 인턴",18,39,20200210,20200928
document_id_376,policy_id_452,경기,경기 의정부시,"교육훈련, 체험, 인턴",0,99,20200101,20201231
document_id_377,policy_id_451,경기,경기 의정부시,"교육훈련, 체험, 인턴",0,99,20200101,20201231
document_id_378,policy_id_450,경기,경기 의정부시,"교육훈련, 체험, 인턴",18,39,20200101,20201231
document_id_379,policy_id_449,경기,경기 의정부시,"교육훈련, 체험, 인턴",0,99,20200101,20201231
document_id_380,policy_id_448,경기,경기 의왕시,"교육훈련, 체험, 인턴",19,39,20200101,20201231
document_id_381,policy_id_447,경기,경기 의왕시,"교육훈련, 체험, 인턴",19,39,20200101,20201231
document_id_382,policy_id_443,경기,경기 용인시,"교육훈련, 체험, 인턴",19,39,20200301,20200331
document_id_383,policy_id_439,경기,경기 용인시,"교육훈련, 체험, 인턴",18,39,20200101,20201231
document_id_384,policy_id_437,경기,경기 용인시,"교육훈련, 체험, 인턴",0,99,20200101,20201231
document_id_385,policy_id_435,경기,경기 용인시,"교육훈련, 체험, 인턴",18,39,20200101,20201231
document_id_386,policy_id_430,경기,경기 오산시,"교육훈련, 체험, 인턴",19,39,20200101,20201231
document_id_387,policy_id_429,경기,경기 오산시,"교육훈련, 체험, 인턴",18,34,20200302,20200731
document_id_388,policy_id_426,경기,경기 오산시,"교육훈련, 체험, 인턴",18,34,20200401,20201231
document_id_389,policy_id_419,경기,경기 오산시,"교육훈련, 체험, 인턴",18,34,20200217,20201130
document_id_390,policy_id_413,경기,경기 양평군,"교육훈련, 체험, 인턴",18,39,20200101,20201231
document_id_391,policy_id_406,경기,경기 양주시,"교육훈련, 체험, 인턴",18,39,20200101,20201231
document_id_392,policy_id_405,경기,경기 양주시,"교육훈련, 체험, 인턴",18,39,20200101,20201231
document_id_393,policy_id_389,경기,경기 안양시,"교육훈련, 체험, 인턴",0,39,20200101,20201231
document_id_394,policy_id_388,경기,경기 안양시,"교육훈련, 체험, 인턴",18,39,20200101,20201231
document_id_395,policy_id_387,경기,경기 안양시,"교육훈련, 체험, 인턴",18,39,20200101,20201231
document_id_396,policy_id_386,경기,경기 안양시,"교육훈련, 체험, 인턴",0,99,20200101,20201231
document_id_397,policy_id_385,경기,경기 안양시,"교육훈련, 체험, 인턴",18,39,20200101,20201231
document_id_398,policy_id_384,경기,경기 안양시,"교육훈련, 체험, 인턴",0,39,20200101,20201231
document_id_399,policy_id_374,경기,경기 안성시,"교육훈련, 체험, 인턴",0,30,20200101,20201231
document_id_400,policy_id_373,경기,경기 안성시,"교육훈련, 체험, 인턴",20,39,20200301,20201131
document_id_401,policy_id_372,경기,경기 안성시,"교육훈련, 체험, 인턴",0,99,20200501,20201131
document_id_402,policy_id_367,경기,경기 안산시,"교육훈련, 체험, 인턴",0,99,20200101,20201231
document_id_403,policy_id_366,경기,경기 안산시,"교육훈련, 체험, 인턴",18,39,20200101,20201231
document_id_404,policy_id_365,경기,경기 안산시,"교육훈련, 체험, 인턴",18,39,20200113,20200120
document_id_405,policy_id_357,경기,경기 시흥시,"교육훈련, 체험, 인턴",0,29,20200101,20201231
document_id_406,policy_id_356,경기,경기 시흥시,"교육훈련, 체험, 인턴",0,39,20200114,20200214
document_id_407,policy_id_335,경기,경기 수원시,"교육훈련, 체험, 인턴",0,99,20200601,20200630
document_id_408,policy_id_321,경기,경기 수원시,"교육훈련, 체험, 인턴",0,99,20200101,20201231
document_id_409,policy_id_319,경기,경기 수원시,"교육훈련, 체험, 인턴",0,99,20200101,20200630
document_id_410,policy_id_318,경기,경기 수원시,"교육훈련, 체험, 인턴",18,39,20200101,20201231
document_id_411,policy_id_315,경기,경기 수원시,"교육훈련, 체험, 인턴",0,99,20200101,20201231
document_id_412,policy_id_313,경기,경기 수원시,"교육훈련, 체험, 인턴",19,39,20200101,20201231
document_id_413,policy_id_312,경기,경기 수원시,"교육훈련, 체험, 인턴",19,39,20200101,20201231
document_id_414,policy_id_311,경기,경기 수원시,"교육훈련, 체험, 인턴",19,39,20200301,20200331
document_id_415,policy_id_310,경기,경기 수원시,"교육훈련, 체험, 인턴",19,34,20200301,20200430
document_id_416,policy_id_309,경기,경기 수원시,"교육훈련, 체험, 인턴",19,34,20200101,20201231
document_id_417,policy_id_302,경기,경기 성남시,"교육훈련, 체험, 인턴",19,24,20200401,20200430
document_id_418,policy_id_294,경기,경기 성남시,"교육훈련, 체험, 인턴",0,99,20200201,20200229
document_id_419,policy_id_293,경기,경기 성남시,"교육훈련, 체험, 인턴",0,99,20200101,20201231
document_id_420,policy_id_292,경기,경기 성남시,"교육훈련, 체험, 인턴",18,39,20200201,20200331
document_id_421,policy_id_284,경기,경기 부천시,"교육훈련, 체험, 인턴",18,39,20200101,20201231
document_id_422,policy_id_277,경기,경기 부천시,"교육훈련, 체험, 인턴",0,99,20200101,20201231
document_id_423,policy_id_274,경기,경기 부천시,"교육훈련, 체험, 인턴",19,39,20200101,20201231
document_id_424,policy_id_273,경기,경기 부천시,"교육훈련, 체험, 인턴",18,39,20200101,20201231
document_id_425,policy_id_267,경기,경기,"교육훈련, 체험, 인턴",0,99,20200108,20201231
document_id_426,policy_id_266,경기,경기,"교육훈련, 체험, 인턴",0,99,20200101,20201231
document_id_427,policy_id_258,경기,경기,"교육훈련, 체험, 인턴",0,99,20200101,20201231
document_id_428,policy_id_257,경기,경기,"교육훈련, 체험, 인턴",0,99,20200316,20200405
document_id_429,policy_id_256,경기,경기,"교육훈련, 체험, 인턴",0,99,20200501,20200630
document_id_430,policy_id_254,경기,경기,"교육훈련, 체험, 인턴",0,99,20200101,20201231
document_id_431,policy_id_239,경기,경기 동두천시,"교육훈련, 체험, 인턴",0,99,20200101,20200229
document_id_432,policy_id_238,경기,인천,"교육훈련, 체험, 인턴",0,99,20200101,20201231
document_id_433,policy_id_236,경기,경기 남양주시,"교육훈련, 체험, 인턴",18,39,20200101,20201231
document_id_434,policy_id_234,경기,경기 남양주시,"교육훈련, 체험, 인턴",19,34,20200101,20201231
document_id_435,policy_id_233,경기,경기 남양주시,"교육훈련, 체험, 인턴",18,39,20200101,20201231
document_id_436,policy_id_226,경기,경기 김포시,"교육훈련, 체험, 인턴",0,99,20200101,20201231
document_id_437,policy_id_225,경기,경기 김포시,"교육훈련, 체험, 인턴",15,39,20200302,20201231
document_id_438,policy_id_224,경기,경기 김포시,"교육훈련, 체험, 인턴",19,34,20200101,20201231
document_id_439,policy_id_220,경기,경기 군포시,"교육훈련, 체험, 인턴",0,99,20200101,20201231
document_id_440,policy_id_218,경기,경기 군포시,"교육훈련, 체험, 인턴",18,39,20200101,20201231
document_id_441,policy_id_217,경기,경기 군포시,"교육훈련, 체험, 인턴",18,39,20200130,20200214
document_id_442,policy_id_214,경기,경기 구리시,"교육훈련, 체험, 인턴",18,39,20200128,20200210
document_id_443,policy_id_213,경기,경기 구리시,"교육훈련, 체험, 인턴",18,39,20200210,20201231
document_id_444,policy_id_209,경기,경기 광주시,"교육훈련, 체험, 인턴",18,34,20200201,20200531
document_id_445,policy_id_207,경기,경기 광주시,"교육훈련, 체험, 인턴",18,39,20200101,20201231
document_id_446,policy_id_205,경기,경기 과천시,"교육훈련, 체험, 인턴",18,34,20200101,20201231
document_id_447,policy_id_203,경기,경기 과천시,"교육훈련, 체험, 인턴",19,39,20200301,20201231
document_id_448,policy_id_198,경기,경기 고양시,"교육훈련, 체험, 인턴",18,39,20200301,20200331
document_id_449,policy_id_196,경기,경기 고양시,"교육훈련, 체험, 인턴",0,99,20200101,20201231
document_id_450,policy_id_191,경기,경기 고양시,"교육훈련, 체험, 인턴",18,39,20200101,20201231
document_id_451,policy_id_190,경기,경기 고양시,"교육훈련, 체험, 인턴",18,39,20200101,20201231
document_id_452,policy_id_189,경기,경기 고양시,"교육훈련, 체험, 인턴",18,39,20200101,20201231
document_id_453,policy_id_1699,경기,인천,"교육훈련, 체험, 인턴",19,34,20200212,20200224
document_id_454,policy_id_1686,경기,인천,"교육훈련, 체험, 인턴",0,99,20200101,20201231
document_id_455,policy_id_1665,경기,인천 미추홀구,"교육훈련, 체험, 인턴",15,34,20200302,20200403
document_id_456,policy_id_1656,경기,인천 남동구,"교육훈련, 체험, 인턴",18,39,20200101,20201231
document_id_457,policy_id_1654,경기,인천 남동구,"교육훈련, 체험, 인턴",18,39,20200101,20201231
document_id_458,policy_id_1645,경기,인천 계양구,"교육훈련, 체험, 인턴",0,99,20200101,20201231
document_id_459,policy_id_1644,경기,경기 안산시,"교육훈련, 체험, 인턴",18,34,20200101,20200630
document_id_460,policy_id_985,전남,광주,"교육훈련, 체험, 인턴",18,39,20200101,20201231
document_id_461,policy_id_953,전남,광주 동구,"교육훈련, 체험, 인턴",19,39,20200219,20200226
document_id_462,policy_id_948,전남,광주 광산,"교육훈련, 체험, 인턴",19,39,20200301,20200331
document_id_463,policy_id_935,경북,경북 포항시,"교육훈련, 체험, 인턴",0,45,20200101,20201231
document_id_464,policy_id_934,경북,경북 포항시,"교육훈련, 체험, 인턴",0,44,20200201,20200229
document_id_465,policy_id_930,경북,경북 포항시,"교육훈련, 체험, 인턴",0,39,20200601,20200630
document_id_466,policy_id_929,경북,경북 포항시,"교육훈련, 체험, 인턴",18,39,20200401,20200529
document_id_467,policy_id_927,경북,경북 포항시,"교육훈련, 체험, 인턴",15,39,20200101,20201231
document_id_468,policy_id_926,경북,경북 포항시,"교육훈련, 체험, 인턴",0,99,20200101,20201231
document_id_469,policy_id_923,경북,경북 포항시,"교육훈련, 체험, 인턴",0,99,20200302,20201231
document_id_470,policy_id_922,경북,경북 포항시,"교육훈련, 체험, 인턴",0,99,20200101,20201231
document_id_471,policy_id_921,경북,경북 포항시,"교육훈련, 체험, 인턴",15,39,20200101,20201231
document_id_472,policy_id_911,경북,경북 의성군,"교육훈련, 체험, 인턴",18,29,20201201,20201231
document_id_473,policy_id_910,경북,경북 의성군,"교육훈련, 체험, 인턴",0,45,20200101,20200630
document_id_474,policy_id_901,경북,경북 예천군,"교육훈련, 체험, 인턴",19,49,20200102,20201031
document_id_475,policy_id_900,경북,경북 예천군,"교육훈련, 체험, 인턴",0,39,20200301,20200331
document_id_476,policy_id_895,경북,경북 영주시,"교육훈련, 체험, 인턴",0,99,20200101,20201231
document_id_477,policy_id_881,경북,경북 상주시,"교육훈련, 체험, 인턴",0,99,20200123,20200211
document_id_478,policy_id_880,경북,경북 상주시,"교육훈련, 체험, 인턴",0,99,20200123,20200211
document_id_479,policy_id_877,경북,경북 상주시,"교육훈련, 체험, 인턴",0,99,20200101,20201231
document_id_480,policy_id_872,경북,경북 봉화군,"교육훈련, 체험, 인턴",18,39,20200109,20200116
document_id_481,policy_id_871,경북,경북,"교육훈련, 체험, 인턴",18,39,20200203,20200218
document_id_482,policy_id_869,경북,경북,"교육훈련, 체험, 인턴",16,39,20200101,20201231
document_id_483,policy_id_856,경북,경북,"교육훈련, 체험, 인턴",0,39,20200301,20200430
document_id_484,policy_id_841,경북,경북,"교육훈련, 체험, 인턴",0,99,20200101,20201231
document_id_485,policy_id_840,경북,경북,"교육훈련, 체험, 인턴",0,99,20200101,20201231
document_id_486,policy_id_838,경북,경북,"교육훈련, 체험, 인턴",0,99,20200101,20201231
document_id_487,policy_id_836,경북,경북,"교육훈련, 체험, 인턴",0,99,20200101,20201231
document_id_488,policy_id_814,경북,경북,"교육훈련, 체험, 인턴",15,39,20200101,20201231
document_id_489,policy_id_812,경북,경북 문경시,"교육훈련, 체험, 인턴",0,99,20200601,20200630
document_id_490,policy_id_811,경북,경북 문경시,"교육훈련, 체험, 인턴",18,34,20200101,20201231
document_id_491,policy_id_797,경북,경북 경주시,"교육훈련, 체험, 인턴",0,99,20200101,20201231
document_id_492,policy_id_792,경북,경북 경산시,"교육훈련, 체험, 인턴",0,99,20200101,20201231
document_id_493,policy_id_2263,전북,전북 정읍시,"교육훈련, 체험, 인턴",18,99,20201101,20201130
document_id_494,policy_id_2258,전북,전북 정읍시,"교육훈련, 체험, 인턴",25,75,20200301,20200331
document_id_495,policy_id_2251,전북,전북 정읍시,"교육훈련, 체험, 인턴",18,39,20200301,20200331
document_id_496,policy_id_2250,전북,전북 정읍시,"교육훈련, 체험, 인턴",18,39,20200101,20200131
document_id_497,policy_id_2248,전북,전북 정읍시,"교육훈련, 체험, 인턴",18,39,20200201,20200229
document_id_498,policy_id_2235,전북,전북 전주시,"교육훈련, 체험, 인턴",18,39,20200101,20201231
document_id_499,policy_id_2231,전북,전북 전주시,"교육훈련, 체험, 인턴",18,34,20200301,20201231
document_id_500,policy_id_2227,전북,전북 전주시,"교육훈련, 체험, 인턴",0,99,20200101,20201231
document_id_501,policy_id_2225,전북,전북 전주시,"교육훈련, 체험, 인턴",0,99,20200101,20201231
document_id_502,policy_id_2222,전북,전북 전주시,"교육훈련, 체험, 인턴",18,39,20200101,20201231
document_id_503,policy_id_2221,전북,전북 전주시,"교육훈련, 체험, 인턴",0,99,20200101,20201231
document_id_504,policy_id_2217,전북,전북 전주시,"교육훈련, 체험, 인턴",18,39,20200101,20201231
document_id_505,policy_id_2206,전북,전북 전주시,"교육훈련, 체험, 인턴",18,39,20200101,20201231
document_id_506,policy_id_2204,전북,전북 전주시,"교육훈련, 체험, 인턴",0,99,20200101,20201231
document_id_507,policy_id_2189,전북,전북 장수군,"교육훈련, 체험, 인턴",0,99,20200101,20201231
document_id_508,policy_id_2174,전북,전북 군산시,"교육훈련, 체험, 인턴",18,39,20200101,20201231
document_id_509,policy_id_2153,전북,전북 임실군,"교육훈련, 체험, 인턴",18,39,20200213,20200217
document_id_510,policy_id_2129,전북,전북 익산시,"교육훈련, 체험, 인턴",18,39,20200101,20201231
document_id_511,policy_id_2128,전북,전북 익산시,"교육훈련, 체험, 인턴",18,39,20200101,20201231
document_id_512,policy_id_2122,전북,전북 익산시,"교육훈련, 체험, 인턴",18,39,20200309,20200320
document_id_513,policy_id_2113,전북,전북 완주군,"교육훈련, 체험, 인턴",0,99,20200101,20200731
document_id_514,policy_id_2093,전북,전북 순창군,"교육훈련, 체험, 인턴",0,99,20200113,20201231
document_id_515,policy_id_2078,전북,전북 부안군,"교육훈련, 체험, 인턴",18,39,20200218,20200320
document_id_516,policy_id_2076,전북,전북 부안군,"교육훈련, 체험, 인턴",18,39,20200101,20201231
document_id_517,policy_id_2075,전북,전북 부안군,"교육훈련, 체험, 인턴",18,39,20200101,20201231
document_id_518,policy_id_2073,전북,전북,"교육훈련, 체험, 인턴",0,99,20200101,20201231
document_id_519,policy_id_2046,전북,전북,"교육훈련, 체험, 인턴",0,99,20200101,20201231
document_id_520,policy_id_2039,전북,전북,"교육훈련, 체험, 인턴",18,99,20200201,20200331
document_id_521,policy_id_2031,전북,전북,"교육훈련, 체험, 인턴",18,39,20200217,20200221
document_id_522,policy_id_2024,전북,전북,"교육훈련, 체험, 인턴",18,39,20200213,20200319
document_id_523,policy_id_2009,전북,전북,"교육훈련, 체험, 인턴",0,99,20200101,20201231
document_id_524,policy_id_2008,전북,전북,"교육훈련, 체험, 인턴",0,99,20200101,20201231
document_id_525,policy_id_1997,전북,전북,"교육훈련, 체험, 인턴",0,45,20200101,20201231
document_id_526,policy_id_1996,전북,전북,"교육훈련, 체험, 인턴",0,99,20200301,20200930
document_id_527,policy_id_1992,전북,전북,"교육훈련, 체험, 인턴",18,39,20200101,20201231
document_id_528,policy_id_1987,전북,전북,"교육훈련, 체험, 인턴",0,99,20200101,20201231
document_id_529,policy_id_1986,전북,전북,"교육훈련, 체험, 인턴",0,99,20200301,20200304
document_id_530,policy_id_1981,전북,전북,"교육훈련, 체험, 인턴",18,39,20200301,20201231
document_id_531,policy_id_1979,전북,전북,"교육훈련, 체험, 인턴",0,99,20200101,20201231
document_id_532,policy_id_1977,전북,전북,"교육훈련, 체험, 인턴",0,99,20200101,20201231
document_id_533,policy_id_1972,전북,전북,"교육훈련, 체험, 인턴",0,99,20200101,20201231
document_id_534,policy_id_1968,전북,전북 무주군,"교육훈련, 체험, 인턴",18,39,20200201,20200229
document_id_535,policy_id_1967,전북,전북 무주군,"교육훈련, 체험, 인턴",18,39,20200201,20200229
document_id_536,policy_id_1959,전북,전북 남원시,"교육훈련, 체험, 인턴",0,99,20200101,20201231
document_id_537,policy_id_1956,전북,전북 남원시,"교육훈련, 체험, 인턴",18,39,20200101,20201231
document_id_538,policy_id_1955,전북,전북 남원시,"교육훈련, 체험, 인턴",18,39,20200101,20201231
document_id_539,policy_id_1953,전북,전북 남원시,"교육훈련, 체험, 인턴",0,39,20200101,20201231
document_id_540,policy_id_1952,전북,전북 남원시,"교육훈련, 체험, 인턴",0,39,20200101,20201231
document_id_541,policy_id_1950,전북,전북 남원시,"교육훈련, 체험, 인턴",0,39,20200101,20201231
document_id_542,policy_id_1946,전북,전북 남원시,"교육훈련, 체험, 인턴",0,99,20200101,20201231
document_id_543,policy_id_1945,전북,전북 남원시,"교육훈련, 체험, 인턴",0,99,20200101,20201231
document_id_544,policy_id_1935,전북,전북 김제시,"교육훈련, 체험, 인턴",0,99,20200101,20201231
document_id_545,policy_id_1932,전북,전북 김제시,"교육훈련, 체험, 인턴",18,39,20200205,20201231
document_id_546,policy_id_1931,전북,전북 김제시,"교육훈련, 체험, 인턴",18,39,20200101,20201231
document_id_547,policy_id_1919,전북,전북 군산시,"교육훈련, 체험, 인턴",19,39,20200101,20201231
document_id_548,policy_id_1918,전북,전북 군산시,"교육훈련, 체험, 인턴",18,34,20200113,20200120
document_id_549,policy_id_1916,전북,전북 군산시,"교육훈련, 체험, 인턴",18,39,20200212,20200225
document_id_550,policy_id_1914,전남,전남 군산시,"교육훈련, 체험, 인턴",0,99,20200101,20201231
document_id_551,policy_id_1913,전북,전북 고창군,"교육훈련, 체험, 인턴",18,34,20200301,20200331
document_id_552,policy_id_1909,전북,전북 고창군,"교육훈련, 체험, 인턴",18,39,20200101,20201231
document_id_553,policy_id_1908,전북,전북 고창군,"교육훈련, 체험, 인턴",18,34,20200101,20201231
document_id_554,policy_id_1894,전남,전남 해남군,"교육훈련, 체험, 인턴",18,49,20200301,20200331
document_id_555,policy_id_1886,전남,전남 함평군,"교육훈련, 체험, 인턴",0,99,20200101,20201231
document_id_556,policy_id_1870,전남,전남 영암군,"교육훈련, 체험, 인턴",19,39,20200201,20200229
document_id_557,policy_id_1865,전남,전남 영광군,"교육훈련, 체험, 인턴",0,99,20200101,20201231
document_id_558,policy_id_1842,전남,전남 순천시,"교육훈련, 체험, 인턴",19,39,20200101,20201231
document_id_559,policy_id_1835,전남,전남 순천시,"교육훈련, 체험, 인턴",19,39,20200101,20200130
document_id_560,policy_id_1788,전남,전남,"교육훈련, 체험, 인턴",0,99,20200101,20201231
document_id_561,policy_id_1777,전남,전남 목포시,"교육훈련, 체험, 인턴",0,99,20200101,20200731
document_id_562,policy_id_1776,전남,전남 목포시,"교육훈련, 체험, 인턴",0,99,20200101,20201231
document_id_563,policy_id_1769,전남,전남 목포시,"교육훈련, 체험, 인턴",18,39,20200217,20200221
document_id_564,policy_id_1763,전남,전남 나주시,"교육훈련, 체험, 인턴",18,27,20201203,20201211
document_id_565,policy_id_1762,전남,전남 나주시,"교육훈련, 체험, 인턴",18,39,20200101,20200221
document_id_566,policy_id_1545,서울,서울 중구,"교육훈련, 체험, 인턴",18,39,20201101,20201231
document_id_567,policy_id_1529,서울,서울 용산구,"교육훈련, 체험, 인턴",18,34,20200101,20201231
document_id_568,policy_id_1528,서울,서울 용산구,"교육훈련, 체험, 인턴",18,34,20200101,20201231
document_id_569,policy_id_1521,서울,서울 영등포구,"교육훈련, 체험, 인턴",19,39,20200501,20200531
document_id_570,policy_id_1520,서울,서울 영등포구,"교육훈련, 체험, 인턴",19,39,20200101,20201231
document_id_571,policy_id_1510,서울,서울 양천구,"교육훈련, 체험, 인턴",19,39,20200401,20200430
document_id_572,policy_id_1507,서울,서울 양천구,"교육훈련, 체험, 인턴",15,34,20200101,20201231
document_id_573,policy_id_1506,서울,서울 양천구,"교육훈련, 체험, 인턴",15,34,20200107,20200211
document_id_574,policy_id_1504,서울,서울 송파구,"교육훈련, 체험, 인턴",0,99,20200101,20201231
document_id_575,policy_id_1502,서울,서울 송파구,"교육훈련, 체험, 인턴",15,34,20200301,20200331
document_id_576,policy_id_1494,서울,서울 성북구,"교육훈련, 체험, 인턴",18,39,20200101,20201231
document_id_577,policy_id_1492,서울,서울 성북구,"교육훈련, 체험, 인턴",18,39,20200501,20200531
document_id_578,policy_id_1490,서울,서울 성북구,"교육훈련, 체험, 인턴",18,39,20200101,20200229
document_id_579,policy_id_1456,서울,서울 서초구,"교육훈련, 체험, 인턴",19,39,20200301,20200531
document_id_580,policy_id_1455,서울,서울 서초구,"교육훈련, 체험, 인턴",19,39,20200301,20200531
document_id_581,policy_id_1419,서울,서울,"교육훈련, 체험, 인턴",0,99,20200101,20201231
document_id_582,policy_id_1417,서울,서울,"교육훈련, 체험, 인턴",15,34,20200101,20201231
document_id_583,policy_id_1415,서울,서울,"교육훈련, 체험, 인턴",18,99,20200101,20201231
document_id_584,policy_id_1408,서울,서울,"교육훈련, 체험, 인턴",19,34,20200501,20200831
document_id_585,policy_id_1399,서울,서울 마포구,"교육훈련, 체험, 인턴",0,99,20200101,20201231
document_id_586,policy_id_1397,서울,서울 마포구,"교육훈련, 체험, 인턴",18,39,20200101,20201231
document_id_587,policy_id_1381,서울,서울 동작구,"교육훈련, 체험, 인턴",19,34,20200301,20200831
document_id_588,policy_id_1380,서울,서울 동작구,"교육훈련, 체험, 인턴",18,39,20200101,20200229
document_id_589,policy_id_1379,서울,서울 동작구,"교육훈련, 체험, 인턴",15,39,20200101,20201231
document_id_590,policy_id_1374,서울,서울 동대문구,"교육훈련, 체험, 인턴",0,99,20200101,20201231
document_id_591,policy_id_1371,서울,서울 동대문구,"교육훈련, 체험, 인턴",18,99,20200101,20201231
document_id_592,policy_id_1369,서울,서울 동대문구,전문분야 취업지원,18,99,20200101,20201231
document_id_593,policy_id_1365,서울,서울 동대문구,"교육훈련, 체험, 인턴",19,39,20200101,20201231
document_id_594,policy_id_1364,서울,서울 동대문구,"교육훈련, 체험, 인턴",18,39,20200101,20201231
document_id_595,policy_id_1363,서울,서울 동대문구,"교육훈련, 체험, 인턴",18,39,20200101,20201231
document_id_596,policy_id_1349,서울,서울 노원구,"교육훈련, 체험, 인턴",15,39,20200301,20200430
document_id_597,policy_id_1344,서울,서울 금천구,"교육훈련, 체험, 인턴",0,99,20200101,20201231
document_id_598,policy_id_1339,서울,서울 금천구,"교육훈련, 체험, 인턴",19,39,20200701,20201231
document_id_599,policy_id_1337,서울,서울 금천구,"교육훈련, 체험, 인턴",19,39,20200401,20201130
document_id_600,policy_id_1326,서울,서울 구로구,"교육훈련, 체험, 인턴",0,99,20200601,20200630
document_id_601,policy_id_1322,서울,서울 구로구,"교육훈련, 체험, 인턴",16,39,20200101,20201231
document_id_602,policy_id_1317,서울,서울 광진구,"교육훈련, 체험, 인턴",18,39,20200204,20200214
document_id_603,policy_id_1286,서울,서울 강서구,"교육훈련, 체험, 인턴",0,99,20200301,20200331
document_id_604,policy_id_1285,서울,서울 강서구,"교육훈련, 체험, 인턴",19,39,20200401,20200430
document_id_605,policy_id_1284,서울,서울 강서구,"교육훈련, 체험, 인턴",19,39,20200301,20200331
document_id_606,policy_id_1283,서울,서울 강서구,"교육훈련, 체험, 인턴",19,39,20200219,20200226
document_id_607,policy_id_1255,서울,서울 강남구,"교육훈련, 체험, 인턴",15,34,20200101,20201220
document_id_608,policy_id_1253,경남,부산 해운대구,"교육훈련, 체험, 인턴",18,39,20200101,20201231
document_id_609,policy_id_1251,경남,부산 해운대구,"교육훈련, 체험, 인턴",18,39,20200101,20201231
document_id_610,policy_id_1249,경남,부산 해운대구,"교육훈련, 체험, 인턴",0,39,20200120,20200207
document_id_611,policy_id_1239,경남,부산 연재구,"교육훈련, 체험, 인턴",18,39,20200101,20201231
document_id_612,policy_id_1234,경남,부산 연재구,"교육훈련, 체험, 인턴",30,64,20200217,20201231
document_id_613,policy_id_1229,경남,부산 서구,"교육훈련, 체험, 인턴",0,39,20200101,20200726
document_id_614,policy_id_1224,경남,부산 사하구,"교육훈련, 체험, 인턴",19,34,20200101,20201231
document_id_615,policy_id_1221,경남,부산 사상구,"교육훈련, 체험, 인턴",0,99,20200101,20201231
document_id_616,policy_id_1220,경남,부산 사상구,"교육훈련, 체험, 인턴",0,99,20200101,20201231
document_id_617,policy_id_1219,경남,부산 사상구,"교육훈련, 체험, 인턴",0,99,20200101,20201231
document_id_618,policy_id_1217,경남,부산 사상구,"교육훈련, 체험, 인턴",0,39,20200101,20201231
document_id_619,policy_id_1208,경남,부산 부산진구,"교육훈련, 체험, 인턴",0,99,20200101,20201231
document_id_620,policy_id_1154,경남,부산,"교육훈련, 체험, 인턴",19,39,20200210,20200308
document_id_621,policy_id_1140,경남,부산,"교육훈련, 체험, 인턴",18,34,20200301,20200331
document_id_622,policy_id_1127,경남,부산,"교육훈련, 체험, 인턴",0,,20200121,20200215
document_id_623,policy_id_1126,경남,부산,"교육훈련, 체험, 인턴",0,99,20200101,20201231
document_id_624,policy_id_1125,경남,부산,"교육훈련, 체험, 인턴",0,99,20200101,20201231
document_id_625,policy_id_1123,경남,부산,"교육훈련, 체험, 인턴",18,34,20200101,20201231
document_id_626,policy_id_1121,경남,부산,"교육훈련, 체험, 인턴",0,99,20200101,20201231
document_id_627,policy_id_1110,경남,부산 가장군,"교육훈련, 체험, 인턴",18,99,20200206,20200212
document_id_628,policy_id_1109,경남,부산 가장군,"교육훈련, 체험, 인턴",18,39,20200601,20200630
document_id_629,policy_id_1107,경남,부산 가평군,"교육훈련, 체험, 인턴",0,39,20200101,20201231
document_id_630,policy_id_1106,경남,부산 금정구,"교육훈련, 체험, 인턴",0,99,20200101,20201231
document_id_631,policy_id_1105,경남,부산 금정구,"교육훈련, 체험, 인턴",0,99,20200101,20201231
document_id_632,policy_id_1103,경남,부산 금정구,"교육훈련, 체험, 인턴",0,99,20200101,20201231
document_id_633,policy_id_187,강원,강원 횡성군,"교육훈련, 체험, 인턴",18,39,20200101,20201231
document_id_634,policy_id_175,강원,강원 태백시,"교육훈련, 체험, 인턴",0,99,20200101,20201231
document_id_635,policy_id_160,강원,강원 춘천시,"교육훈련, 체험, 인턴",0,99,20200101,20201231
document_id_636,policy_id_159,강원,강원 춘천시,"교육훈련, 체험, 인턴",0,99,20200108,20200128
document_id_637,policy_id_155,강원,강원 원주시,"교육훈련, 체험, 인턴",0,99,20200101,20201231
document_id_638,policy_id_138,강원,강원 삼척시,"교육훈련, 체험, 인턴",18,34,20200101,20201231
document_id_639,policy_id_123,강원,강원,"교육훈련, 체험, 인턴",18,39,20200301,20200430
document_id_640,policy_id_119,강원,강원 동해시,"교육훈련, 체험, 인턴",18,34,20200401,20200430
document_id_641,policy_id_118,강원,강원 고성군,"교육훈련, 체험, 인턴",19,39,20200110,20201231
document_id_642,policy_id_117,강원,강원 고성군,"교육훈련, 체험, 인턴",19,39,20200110,20201231
document_id_643,policy_id_2685,충북,충북 충주시,"교육훈련, 체험, 인턴",0,99,20200605,20200612
document_id_644,policy_id_2683,충북,충북 충주시,"교육훈련, 체험, 인턴",18,39,20200302,20200331
document_id_645,policy_id_2682,충북,충북 충주시,"교육훈련, 체험, 인턴",0,39,20200101,20201231
document_id_646,policy_id_2656,충북,충북 진천군,"교육훈련, 체험, 인턴",18,34,20200101,20201231
document_id_647,policy_id_2650,충북,충북 진천군,"교육훈련, 체험, 인턴",18,34,20200601,20200630
document_id_648,policy_id_2647,충북,충북 진천군,"교육훈련, 체험, 인턴",18,39,20200217,20200221
document_id_649,policy_id_2643,충북,충북 증평군,"교육훈련, 체험, 인턴",19,24,20201202,20201211
document_id_650,policy_id_2641,충북,충북 증평군,"교육훈련, 체험, 인턴",18,39,20200101,20201231
document_id_651,policy_id_2628,충북,충북 음성군,"교육훈련, 체험, 인턴",0,99,20200101,20201230
document_id_652,policy_id_2622,충북,충북 음성군,"교육훈련, 체험, 인턴",0,99,20200101,20201231
document_id_653,policy_id_2619,충북,충북 옥천군,"교육훈련, 체험, 인턴",15,39,20200106,20200117
document_id_654,policy_id_2602,충북,충북 옥천군,"교육훈련, 체험, 인턴",0,99,20200101,20201231
document_id_655,policy_id_2576,충북,충북,"교육훈련, 체험, 인턴",0,99,20200601,20200630
document_id_656,policy_id_2558,충북,충북,"교육훈련, 체험, 인턴",15,39,20200101,20201231
document_id_657,policy_id_2553,충북,충북,"교육훈련, 체험, 인턴",19,39,20200217,20200320
document_id_658,policy_id_2534,충북,충북 보은군,"교육훈련, 체험, 인턴",18,34,202005001,20201231
document_id_659,policy_id_2533,충북,충북 보은군,"교육훈련, 체험, 인턴",0,99,20200501,20200531
document_id_660,policy_id_2532,충북,충북 보은군,"교육훈련, 체험, 인턴",18,39,20200101,20201231
document_id_661,policy_id_2528,충북,충북 단양군,"교육훈련, 체험, 인턴",0,99,20200101,20201231
document_id_662,policy_id_2518,충북,충북 괴산군,"교육훈련, 체험, 인턴",0,39,20200101,20201231
document_id_663,policy_id_2515,충북,충북 괴산군,"교육훈련, 체험, 인턴",18,34,20200101,20201231
document_id_664,policy_id_1623,경남,울산 울주군,"교육훈련, 체험, 인턴",0,99,20200101,20201231
document_id_665,policy_id_1622,경남,울산 울주군,"교육훈련, 체험, 인턴",0,99,20200301,20200331
document_id_666,policy_id_1621,경남,울산 울주군,"교육훈련, 체험, 인턴",19,39,20200101,20201231
document_id_667,policy_id_1620,경남,울산 북구,"교육훈련, 체험, 인턴",19,39,20200101,20201231
document_id_668,policy_id_1619,경남,울산 북구,"교육훈련, 체험, 인턴",19,39,20200101,20201231
document_id_669,policy_id_1614,경남,울산,"교육훈련, 체험, 인턴",0,99,20200101,20201231
document_id_670,policy_id_1591,경남,울산,"교육훈련, 체험, 인턴",18,34,20200101,20201231
document_id_671,policy_id_1572,충북,세종,"교육훈련, 체험, 인턴",19,34,20200301,20200331
document_id_672,policy_id_1571,충북,세종,"교육훈련, 체험, 인턴",15,34,20200601,20200630
document_id_673,policy_id_1561,충북,세종,"교육훈련, 체험, 인턴",18,39,20200401,20200430
document_id_674,policy_id_1554,충북,세종,"교육훈련, 체험, 인턴",18,39,20200101,20201231
document_id_675,policy_id_1092,충남,대전 서구,"교육훈련, 체험, 인턴",19,39,20200101,20201231
document_id_676,policy_id_1091,충남,대전 서구,"교육훈련, 체험, 인턴",19,39,20200101,20201231
document_id_677,policy_id_1089,충남,대전 서구,"교육훈련, 체험, 인턴",19,39,20200401,20201231
document_id_678,policy_id_1088,충남,대전 서구,"교육훈련, 체험, 인턴",15,39,20200201,20200229
document_id_679,policy_id_106,경북,대구 달서구,"교육훈련, 체험, 인턴",18,39,20200101,20201231
document_id_680,policy_id_1049,충남,대전,"교육훈련, 체험, 인턴",18,39,20200101,20201231
document_id_681,policy_id_1046,충남,대전,"교육훈련, 체험, 인턴",18,34,20200401,20200810
document_id_682,policy_id_96,경북,대구 수성구,"교육훈련, 체험, 인턴",0,99,20200101,20201231
document_id_683,policy_id_86,경북,대구,"교육훈련, 체험, 인턴",0,39,20200701,20200930
document_id_684,policy_id_56,경북,대구 서구,"교육훈련, 체험, 인턴",18,39,20200101,20201231
document_id_685,policy_id_52,경북,대구 서구,"교육훈련, 체험, 인턴",18,39,20200302,20201231
document_id_686,policy_id_51,경북,대구 서구,"교육훈련, 체험, 인턴",18,39,20200301,20201231
document_id_687,policy_id_49,경북,대구 중구,"교육훈련, 체험, 인턴",0,39,20200113,20200123
document_id_688,policy_id_17,경북,대구 중구,"교육훈련, 체험, 인턴",0,99,20200101,20201231
document_id_689,policy_id_15,경북,대구,"교육훈련, 체험, 인턴",0,39,20200206,20200226
document_id_690,policy_id_990,전남,광주,중소기업 취업지원,19,39,20200101,20201231
document_id_691,policy_id_989,전남,광주,중소기업 취업지원,0,99,20200601,20200630
document_id_692,policy_id_980,전남,광주,중소기업 취업지원,18,39,20200201,20200229
document_id_693,policy_id_978,전남,광주,중소기업 취업지원,15,39,20200301,20200331
document_id_694,policy_id_974,전남,광주,중소기업 취업지원,15,34,20200101,20201231
document_id_695,policy_id_942,전남,광주 광산,중소기업 취업지원,19,39,20200301,20200331
document_id_696,policy_id_941,전남,광주 광산,중소기업 취업지원,18,39,20200301,20200331
document_id_697,policy_id_88,경북,대구,중소기업 취업지원,15,39,20200207,20201231
document_id_698,policy_id_863,경북,경북,중소기업 취업지원,19,39,20200101,20201231
document_id_699,policy_id_828,경북,경북,중소기업 취업지원,0,39,20200204,20200228
document_id_700,policy_id_817,경북,경북,중소기업 취업지원,0,99,20200101,20201231
document_id_701,policy_id_815,경북,경북,중소기업 취업지원,0,39,20200301,20200331
document_id_702,policy_id_789,경북,경북 경산시,중소기업 취업지원,0,39,20200101,20201231
document_id_703,policy_id_788,경북,경북 경산시,중소기업 취업지원,0,39,20200101,20201231
document_id_704,policy_id_779,경남,경남 함양군,중소기업 취업지원,18,39,20200101,20201231
document_id_705,policy_id_777,경남,경남 함양군,중소기업 취업지원,18,39,20200101,20201231
document_id_706,policy_id_775,경남,경남 함양군,중소기업 취업지원,18,39,20200101,20201231
document_id_707,policy_id_686,경남,경남 의령군,중소기업 취업지원,18,39,20200101,20201231
document_id_708,policy_id_685,경남,경남 의령군,중소기업 취업지원,18,39,20200101,20201231
document_id_709,policy_id_681,경남,경남 의령군,중소기업 취업지원,18,99,20200101,20201231
document_id_710,policy_id_675,경남,경남 양산시,중소기업 취업지원,18,39,20200101,20201231
document_id_711,policy_id_659,경남,경남 산청군,중소기업 취업지원,18,39,20200101,20201231
document_id_712,policy_id_655,경남,경남 사천시,중소기업 취업지원,18,39,20200101,20201231
document_id_713,policy_id_653,경남,경남 사천시,중소기업 취업지원,18,39,20200212,20200306
document_id_714,policy_id_64,경북,대구 달서구,중소기업 취업지원,0,39,20200101,20201231
document_id_715,policy_id_622,경남,경남,중소기업 취업지원,18,39,20200201,20200331
document_id_716,policy_id_619,경남,경남,중소기업 취업지원,18,34,20200101,20201231
document_id_717,policy_id_618,경남,경남,중소기업 취업지원,18,34,20200101,20201231
document_id_718,policy_id_557,경남,경남 김해시,중소기업 취업지원,20,99,20200101,20201231
document_id_719,policy_id_545,경남,경남 김해시,중소기업 취업지원,15,34,20200101,20201231
document_id_720,policy_id_511,경남,경남 거제시,중소기업 취업지원,18,39,20200101,20201231
document_id_721,policy_id_509,경남,경남 거제시,중소기업 취업지원,18,39,20200101,20201231
document_id_722,policy_id_508,경남,경남 거제시,중소기업 취업지원,18,39,20200101,20201231
document_id_723,policy_id_32,경북,대구,중소기업 취업지원,0,39,20200302,20200306
document_id_724,policy_id_2663,충북,충북 청주시,중소기업 취업지원,19,39,20200301,20200430
document_id_725,policy_id_2640,충북,충북 제천시,중소기업 취업지원,18,34,20200101,20201231
document_id_726,policy_id_2634,충북,충북 제천시,중소기업 취업지원,0,99,20200101,20201231
document_id_727,policy_id_2575,충북,충북,중소기업 취업지원,0,39,20200302,20200308
document_id_728,policy_id_2567,충북,충북,중소기업 취업지원,0,39,20200201,20200229
document_id_729,policy_id_2550,충북,충북,중소기업 취업지원,0,39,20200101,20201231
document_id_730,policy_id_2539,충북,충북,중소기업 취업지원,18,40,20200203,20201231
document_id_731,policy_id_2511,충남,충남 홍성군,중소기업 취업지원,18,39,20200101,20201231
document_id_732,policy_id_25,경북,대구,중소기업 취업지원,18,39,20200101,20201231
document_id_733,policy_id_2497,충남,충남 청양군,중소기업 취업지원,15,34,20200101,20201231
document_id_734,policy_id_2465,충남,충남 아산시,중소기업 취업지원,18,34,20200101,20201231
document_id_735,policy_id_2419,충남,충남,중소기업 취업지원,18,39,20200101,20201231
document_id_736,policy_id_2418,충남,충남,중소기업 취업지원,18,39,20200101,20201231
document_id_737,policy_id_2417,충남,충남,중소기업 취업지원,18,39,20200101,20201231
document_id_738,policy_id_2416,충남,충남,중소기업 취업지원,18,39,20200101,20201231
document_id_739,policy_id_2350,전남,제주,중소기업 취업지원,15,34,20200101,20201231
document_id_740,policy_id_2313,전남,제주,중소기업 취업지원,18,34,20200101,20200229
document_id_741,policy_id_2306,전남,제주,중소기업 취업지원,0,99,20200101,20200331
document_id_742,policy_id_2305,전남,제주,중소기업 취업지원,18,39,20200101,20201231
document_id_743,policy_id_2286,전남,제주,중소기업 취업지원,18,39,20200101,20201231
document_id_744,policy_id_2284,전남,제주,중소기업 취업지원,18,34,20200101,20200229
document_id_745,policy_id_1810,전남,전남,중소기업 취업지원,20,99,20200101,20201231
document_id_746,policy_id_1807,전남,전남,중소기업 취업지원,16,34,20200101,20201231
document_id_747,policy_id_1790,전남,전남,중소기업 취업지원,18,39,20200220,20200306
document_id_748,policy_id_1717,경기,인천 연수구,중소기업 취업지원,19,39,20200101,20201231
document_id_749,policy_id_1669,경기,인천,중소기업 취업지원,15,39,20200101,20201231
document_id_750,policy_id_1667,경기,인천,중소기업 취업지원,18,34,20200101,20201231
document_id_751,policy_id_1651,경기,인천 남동구,중소기업 취업지원,18,99,20200520,20200529
document_id_752,policy_id_1602,경남,울산,중소기업 취업지원,0,99,20200401,20200430
document_id_753,policy_id_16,경북,대구 남구,중소기업 취업지원,18,39,20200212,20200217
document_id_754,policy_id_1598,경남,울산,중소기업 취업지원,0,39,20200101,20200131
document_id_755,policy_id_1595,경남,울산,중소기업 취업지원,20,39,20200101,20201231
document_id_756,policy_id_1594,경남,울산,중소기업 취업지원,18,39,20200501,20200531
document_id_757,policy_id_1593,경남,울산,중소기업 취업지원,18,39,20200301,20200331
document_id_758,policy_id_1592,경남,울산,중소기업 취업지원,18,39,20200201,20200831
document_id_759,policy_id_1537,서울,서울 은평구,중소기업 취업지원,18,99,20200101,20201231
document_id_760,policy_id_1534,서울,서울 은평구,중소기업 취업지원,19,39,20200101,20201231
document_id_761,policy_id_1481,서울,서울 성동구,중소기업 취업지원,19,39,20200101,20201231
document_id_762,policy_id_1295,서울,서울 관악구,중소기업 취업지원,19,39,20200210,20200214
document_id_763,policy_id_1236,경남,부산 연재구,중소기업 취업지원,18,39,20200214,20200221
document_id_764,policy_id_1215,경남,부산 북구,중소기업 취업지원,18,34,20200101,20201231
document_id_765,policy_id_1198,경남,부산,중소기업 취업지원,18,34,20200228,20200313
document_id_766,policy_id_1131,경남,부산,중소기업 취업지원,21,39,20200101,20201231
document_id_767,policy_id_1112,경남,부산 남구,중소기업 취업지원,18,39,20200201,20201231
document_id_768,policy_id_1075,충남,대전,중소기업 취업지원,18,39,20200226,20200310
document_id_769,policy_id_1031,전남,광주 서구,중소기업 취업지원,0,39,20200106,20200206
document_id_770,policy_id_2977,전국,전국,중소기업 취업지원,0,99,20200101,20201031
document_id_771,policy_id_2906,전국,전국,중소기업 취업지원,15,34,20200101,20201231
document_id_772,policy_id_2905,전국,전국,중소기업 취업지원,0,99,20200101,20201231
document_id_773,policy_id_2901,전국,전국,중소기업 취업지원,0,99,20200101,20201231
document_id_774,policy_id_2898,전국,전국,중소기업 취업지원,0,99,20200101,20201231
document_id_775,policy_id_2896,전국,전국,중소기업 취업지원,0,34,20200101,20201231
document_id_776,policy_id_2857,전국,전국,중소기업 취업지원,15,34,20200101,20211231
document_id_777,policy_id_2816,전국,전국,중소기업 취업지원,15,29,20200301,20200630
document_id_778,policy_id_2815,전국,전국,중소기업 취업지원,15,34,20200101,20201231
document_id_779,policy_id_2754,전국,전국,중소기업 취업지원,18,19,20200901,20201231
document_id_780,policy_id_2724,전국,전국,중소기업 취업지원,18,34,20200101,20201231
document_id_781,policy_id_2722,전국,전국,중소기업 취업지원,15,34,20200101,20201231
document_id_782,policy_id_2717,전국,전국,중소기업 취업지원,15,34,20200101,20201231
document_id_783,policy_id_2714,전국,전국,중소기업 취업지원,15,34,20200101,20201231
document_id_784,policy_id_2701,전국,전국,중소기업 취업지원,0,99,20200101,20201231
document_id_785,policy_id_2279,전남,제주,중소기업 취업지원,18,39,20200101,20201231
document_id_786,policy_id_2487,충남,충남 천안시,중소기업 취업지원,18,39,20200109,20200220
document_id_787,policy_id_2486,충남,충남 천안시,중소기업 취업지원,18,39,20200101,20200220
document_id_788,policy_id_2485,충남,충남 천안시,중소기업 취업지원,18,39,20200901,20201018
document_id_789,policy_id_2481,충남,충남 예산군,중소기업 취업지원,18,39,20200129,20200217
document_id_790,policy_id_2466,충남,충남 아산시,중소기업 취업지원,18,35,20200101,20201231
document_id_791,policy_id_2387,충남,충남 보령시,중소기업 취업지원,18,39,20200101,20201231
document_id_792,policy_id_2385,충남,충남 보령시,중소기업 취업지원,18,39,20200101,20201231
document_id_793,policy_id_2371,충남,충남 금산군,중소기업 취업지원,18,39,20200101,20201231
document_id_794,policy_id_784,경남,경남 함천군,중소기업 취업지원,0,39,20200101,20201231
document_id_795,policy_id_774,경남,경남 함양군,중소기업 취업지원,0,99,20200301,20200331
document_id_796,policy_id_769,경남,경남 하동군,중소기업 취업지원,18,39,20200101,20201231
document_id_797,policy_id_768,경남,경남 하동군,중소기업 취업지원,18,39,20200101,20201231
document_id_798,policy_id_731,경남,경남 창원시,중소기업 취업지원,15,34,20200101,20201231
document_id_799,policy_id_729,경남,경남 창원시,중소기업 취업지원,15,34,20200101,20201231
document_id_800,policy_id_718,경남,경남 산청군,중소기업 취업지원,18,39,20200101,20201231
document_id_801,policy_id_697,경남,경남 진주시,중소기업 취업지원,18,39,20200101,20201231
document_id_802,policy_id_695,경남,경남 진주시,중소기업 취업지원,18,39,20200101,20201231
document_id_803,policy_id_677,경남,경남 양산시,중소기업 취업지원,18,39,20200101,20201231
document_id_804,policy_id_664,경남,경남 양산시,중소기업 취업지원,15,34,20200101,20201231
document_id_805,policy_id_617,경남,경남,중소기업 취업지원,18,39,20200101,20201231
document_id_806,policy_id_616,경남,경남,중소기업 취업지원,18,39,20200101,20201231
document_id_807,policy_id_611,경남,경남,중소기업 취업지원,18,34,20200801,20201231
document_id_808,policy_id_610,경남,경남,중소기업 취업지원,0,99,20200101,20201231
document_id_809,policy_id_609,경남,경남,중소기업 취업지원,0,99,20200201,20200430
document_id_810,policy_id_594,경남,경남 밀양시,중소기업 취업지원,18,34,20200101,20201231
document_id_811,policy_id_589,경남,경남 밀양시,중소기업 취업지원,18,39,20200214,20200306
document_id_812,policy_id_587,경남,경남 밀양시,중소기업 취업지원,18,39,20200101,20201231
document_id_813,policy_id_572,경남,경남 남해군,중소기업 취업지원,18,39,20200101,20200115
document_id_814,policy_id_552,경남,경남 김해시,중소기업 취업지원,15,39,20200101,20201231
document_id_815,policy_id_526,경남,경남 거창군,중소기업 취업지원,0,29,20200801,20200831
document_id_816,policy_id_504,경기,경기 화성시,중소기업 취업지원,19,39,20200210,20201231
document_id_817,policy_id_494,경기,경기 하남시,중소기업 취업지원,18,99,20200101,20201231
document_id_818,policy_id_432,경기,경기 오산시,중소기업 취업지원,18,39,20200101,20200320
document_id_819,policy_id_417,경기,경기 여주시,중소기업 취업지원,18,39,20200302,20201231
document_id_820,policy_id_404,경기,경기 양주시,중소기업 취업지원,18,39,20200101,20201231
document_id_821,policy_id_375,경기,경기 안성시,중소기업 취업지원,15,39,20200101,20201231
document_id_822,policy_id_354,경기,경기 시흥시,중소기업 취업지원,0,39,20200101,20201231
document_id_823,policy_id_346,경기,경기 시흥시,중소기업 취업지원,0,99,20200301,20200430
document_id_824,policy_id_317,경기,경기 수원시,중소기업 취업지원,0,34,20200101,20201231
document_id_825,policy_id_297,경기,경기 성남시,중소기업 취업지원,15,34,20200101,20201231
document_id_826,policy_id_289,경기,경기 성남시,중소기업 취업지원,18,39,20200201,20200331
document_id_827,policy_id_276,경기,경기 부천시,중소기업 취업지원,0,99,20200101,20201231
document_id_828,policy_id_265,경기,경기,중소기업 취업지원,18,34,20200501,20201130
document_id_829,policy_id_231,경기,경기 남양주시,중소기업 취업지원,18,39,20200224,20200306
document_id_830,policy_id_206,경기,경기 광주시,중소기업 취업지원,18,39,20200101,20201231
document_id_831,policy_id_197,경기,경기 고양시,중소기업 취업지원,18,39,20200301,20200331
document_id_832,policy_id_1724,경기,경기 하남시,중소기업 취업지원,18,99,20201216,20201224
document_id_833,policy_id_1706,경기,인천 부평구,중소기업 취업지원,19,39,20200101,20201231
document_id_834,policy_id_979,전남,광주,중소기업 취업지원,19,39,20200101,20201231
document_id_835,policy_id_968,전남,광주,중소기업 취업지원,18,39,20200101,20201231
document_id_836,policy_id_1018,경북,경북 포항시,중소기업 취업지원,19,39,20200101,20201231
document_id_837,policy_id_932,경북,경북 포항시,중소기업 취업지원,18,34,20200101,20201231
document_id_838,policy_id_931,경북,경북 포항시,중소기업 취업지원,18,39,20200401,20201231
document_id_839,policy_id_928,경북,경북 포항시,중소기업 취업지원,18,39,20200301,20201231
document_id_840,policy_id_925,경북,경북 포항시,중소기업 취업지원,15,39,20200302,20201231
document_id_841,policy_id_916,경북,경북 칠곡군,중소기업 취업지원,17,17,20200501,20200630
document_id_842,policy_id_886,경북,경북 영덕군,중소기업 취업지원,18,39,20200101,20201231
document_id_843,policy_id_879,경북,경북 상주시,중소기업 취업지원,18,39,20200204,20200228
document_id_844,policy_id_866,경북,경북,중소기업 취업지원,15,39,20200101,20201231
document_id_845,policy_id_835,경북,경북,중소기업 취업지원,19,39,20200101,20200131
document_id_846,policy_id_823,경북,경북,중소기업 취업지원,0,99,20200101,20201231
document_id_847,policy_id_798,경북,경북 경주시,중소기업 취업지원,15,39,20200301,20201231
document_id_848,policy_id_2268,전북,전북 진안군,중소기업 취업지원,18,39,20200101,20201231
document_id_849,policy_id_2261,전북,전북 정읍시,중소기업 취업지원,18,99,20200101,20201231
document_id_850,policy_id_2233,전북,전북 정읍시,중소기업 취업지원,18,39,20200901,20201031
document_id_851,policy_id_2223,전북,전북 전주시,중소기업 취업지원,15,34,20200101,20201231
document_id_852,policy_id_2200,전북,전북 장수군,중소기업 취업지원,18,39,20200101,20201231
document_id_853,policy_id_2176,전북,전북 장수군,중소기업 취업지원,18,39,20200101,20201231
document_id_854,policy_id_2175,전북,전북 장수군,중소기업 취업지원,18,34,20200101,20201231
document_id_855,policy_id_2156,전북,전북 임실군,중소기업 취업지원,15,34,20200101,20201231
document_id_856,policy_id_2155,전북,전북 임실군,중소기업 취업지원,18,39,20200123,20200131
document_id_857,policy_id_2152,전북,전북 임실군,중소기업 취업지원,18,39,20201204,20201212
document_id_858,policy_id_2132,전북,전북 익산시,중소기업 취업지원,18,39,20200101,20201231
document_id_859,policy_id_2131,전북,전북 익산시,중소기업 취업지원,15,34,20200101,20201231
document_id_860,policy_id_2130,전북,전북 익산시,중소기업 취업지원,18,39,20200101,20200131
document_id_861,policy_id_2112,전북,전북 완주군,중소기업 취업지원,0,39,20200101,20201231
document_id_862,policy_id_2099,전북,전북 순창군,중소기업 취업지원,15,34,20200219,20200226
document_id_863,policy_id_2098,전북,전북 순창군,중소기업 취업지원,18,39,20200219,20200226
document_id_864,policy_id_2097,전북,전북 순창군,중소기업 취업지원,18,39,20200101,20201231
document_id_865,policy_id_2072,전북,전북,중소기업 취업지원,0,99,20200101,20201231
document_id_866,policy_id_2070,전북,전북,중소기업 취업지원,0,99,20200101,20201231
document_id_867,policy_id_1989,전북,전북,중소기업 취업지원,0,99,20200113,20200117
document_id_868,policy_id_1984,전북,전북,중소기업 취업지원,18,39,20200101,20201231
document_id_869,policy_id_1983,전북,전북,중소기업 취업지원,15,34,20200101,20201231
document_id_870,policy_id_1982,전북,전북,중소기업 취업지원,18,39,20200101,20201231
document_id_871,policy_id_1980,전북,전북,중소기업 취업지원,18,39,20200101,20201231
document_id_872,policy_id_1976,전북,전북,중소기업 취업지원,0,99,20200101,20201231
document_id_873,policy_id_1969,전북,전북 무주군,중소기업 취업지원,18,39,20200201,20200229
document_id_874,policy_id_1965,전북,전북 무주군,중소기업 취업지원,18,39,20200201,20200229
document_id_875,policy_id_1964,전북,전북 무주군,중소기업 취업지원,18,39,20200201,20200229
document_id_876,policy_id_1960,전북,전북 남원시,중소기업 취업지원,0,99,20200101,20201231
document_id_877,policy_id_1934,전북,전북 김제시,중소기업 취업지원,18,39,20200101,20201231
document_id_878,policy_id_1933,전북,전북 김제시,중소기업 취업지원,15,34,20200101,20201231
document_id_879,policy_id_1930,전북,전북 김제시,중소기업 취업지원,18,39,20200101,20201231
document_id_880,policy_id_1929,전북,전북 김제시,중소기업 취업지원,18,39,20200101,20201231
document_id_881,policy_id_1928,전북,전북 김제시,중소기업 취업지원,18,39,20200101,20201231
document_id_882,policy_id_1917,전북,전북 군산시,중소기업 취업지원,15,34,20200212,20201231
document_id_883,policy_id_1912,전북,전북 고창군,중소기업 취업지원,18,39,20200701,20200731
document_id_884,policy_id_1911,전북,전북 고창군,중소기업 취업지원,18,39,20200101,20200131
document_id_885,policy_id_1906,전북,전북 고창군,중소기업 취업지원,18,34,20200201,20200229
document_id_886,policy_id_1876,전남,전남 진도군,중소기업 취업지원,18,39,20200101,20201231
document_id_887,policy_id_1772,전남,전남 목포시,중소기업 취업지원,0,99,20200101,20201231
document_id_888,policy_id_1542,서울,서울 중구,중소기업 취업지원,18,39,20200121,20200131
document_id_889,policy_id_1531,서울,서울 용산구,중소기업 취업지원,0,39,20200101,20201231
document_id_890,policy_id_1495,서울,서울 성북구,중소기업 취업지원,18,39,20200101,20200229
document_id_891,policy_id_1479,서울,서울 성동구,중소기업 취업지원,19,39,20200226,20200312
document_id_892,policy_id_1416,서울,서울,중소기업 취업지원,0,99,20200501,20200531
document_id_893,policy_id_1390,서울,서울 마포구,중소기업 취업지원,19,30,20200101,20201231
document_id_894,policy_id_1384,서울,서울 동작구,중소기업 취업지원,18,39,20200201,20200229
document_id_895,policy_id_1370,서울,서울 동대문구,중소기업 취업지원,18,34,20200101,20201231
document_id_896,policy_id_1362,서울,서울 동대문구,중소기업 취업지원,18,39,20200101,20201231
document_id_897,policy_id_1328,서울,서울 구로구,중소기업 취업지원,15,39,20200101,20201231
document_id_898,policy_id_1327,서울,서울 구로구,중소기업 취업지원,15,34,20200101,20201231
document_id_899,policy_id_1325,서울,서울 구로구,중소기업 취업지원,18,39,20200101,20201231
document_id_900,policy_id_1252,경남,부산 해운대구,중소기업 취업지원,18,39,20200101,20201231
document_id_901,policy_id_1247,경남,부산 해운대구,중소기업 취업지원,0,39,20200122,20200212
document_id_902,policy_id_1238,경남,부산 영도구,중소기업 취업지원,18,39,20200122,20200131
document_id_903,policy_id_1222,경남,부산 사하구,중소기업 취업지원,0,34,20200101,20201231
document_id_904,policy_id_1207,경남,부산 부산진구,중소기업 취업지원,18,39,20201201,20201231
document_id_905,policy_id_1157,경남,부산,중소기업 취업지원,18,39,20200101,20201231
document_id_906,policy_id_1146,경남,부산,중소기업 취업지원,18,39,20200101,20200302
document_id_907,policy_id_1143,경남,부산,중소기업 취업지원,18,39,20200101,20201231
document_id_908,policy_id_1142,경남,부산,중소기업 취업지원,0,99,20200101,20200229
document_id_909,policy_id_2681,충북,충북 충주시,중소기업 취업지원,18,39,20200101,20201231
document_id_910,policy_id_2557,충북,충북,중소기업 취업지원,15,39,20200101,20201231
document_id_911,policy_id_2517,충북,충북 괴산군,중소기업 취업지원,18,45,20200101,20201231
document_id_912,policy_id_1603,경남,울산,중소기업 취업지원,18,39,20200302,20200401
document_id_913,policy_id_1600,경남,울산,중소기업 취업지원,18,39,20200101,20201231
document_id_914,policy_id_1563,충북,세종,중소기업 취업지원,18,39,20200302,20200313
document_id_915,policy_id_108,경북,대구,중소기업 취업지원,0,33,20200101,20201231
document_id_916,policy_id_1074,충남,대전,중소기업 취업지원,0,39,20200101,20201231
document_id_917,policy_id_107,경북,대구,중소기업 취업지원,0,99,20200101,20201231
document_id_918,policy_id_92,경북,대구 달성군,중소기업 취업지원,0,39,20200101,20201231
document_id_919,policy_id_77,경북,대구 달서구,중소기업 취업지원,18,39,20200101,20201231
document_id_920,policy_id_75,경북,대구 달서구,중소기업 취업지원,0,39,20200201,20200228
document_id_921,policy_id_28,경북,대구 동구,중소기업 취업지원,0,39,20200101,20201231
document_id_922,policy_id_27,경북,대구 동구,중소기업 취업지원,0,39,20200101,20201231
document_id_923,policy_id_987,전남,광주,전문분야 취업지원,19,39,20200101,20201231
document_id_924,policy_id_984,전남,광주,전문분야 취업지원,0,99,20201019,20201215
document_id_925,policy_id_983,전남,광주,전문분야 취업지원,0,99,20200101,20201231
document_id_926,policy_id_975,전남,광주,전문분야 취업지원,19,39,20200101,20201231
document_id_927,policy_id_899,경북,경북 양천시,전문분야 취업지원,18,39,20200101,20201231
document_id_928,policy_id_898,경북,경북 양천시,전문분야 취업지원,18,39,20200101,20200630
document_id_929,policy_id_897,경북,경북 양천시,전문분야 취업지원,18,39,20200101,20200630
document_id_930,policy_id_873,경북,경북 봉화군,전문분야 취업지원,18,39,20200212,20200723
document_id_931,policy_id_849,경북,경북,전문분야 취업지원,19,39,20200101,20200131
document_id_932,policy_id_84,경북,대구 달서구,전문분야 취업지원,18,39,20200201,20200228
document_id_933,policy_id_819,경북,경북,전문분야 취업지원,18,39,20201101,20201231
document_id_934,policy_id_800,경북,경북 구미시,전문분야 취업지원,23,39,20200101,20201231
document_id_935,policy_id_795,경북,경북 경산시,전문분야 취업지원,20,39,20200101,20201231
document_id_936,policy_id_783,경남,경남 함천군,전문분야 취업지원,0,39,20200101,20201231
document_id_937,policy_id_752,경남,경남 통영시,전문분야 취업지원,18,39,20200101,20201231
document_id_938,policy_id_750,경남,경남 통영시,전문분야 취업지원,18,39,20200108,20200128
document_id_939,policy_id_749,경남,경남 통영시,전문분야 취업지원,18,39,20200101,20201231
document_id_940,policy_id_725,경남,경남 창녕군,전문분야 취업지원,18,39,20200101,20201231
document_id_941,policy_id_720,경남,경남 창녕군,전문분야 취업지원,18,39,20200101,20201231
document_id_942,policy_id_687,경남,경남 의령군,전문분야 취업지원,18,39,20200101,20201231
document_id_943,policy_id_684,경남,경남 의령군,전문분야 취업지원,18,39,20200101,20201231
document_id_944,policy_id_658,경남,경남 사천시,전문분야 취업지원,18,39,20200101,20201231
document_id_945,policy_id_656,경남,경남 사천시,전문분야 취업지원,18,39,20200101,20201231
document_id_946,policy_id_636,경남,경남,전문분야 취업지원,19,34,20200318,20200328
document_id_947,policy_id_599,경남,경남,전문분야 취업지원,0,39,20200201,20201231
document_id_948,policy_id_564,경남,경남 김해시,전문분야 취업지원,19,39,20200101,20201231
document_id_949,policy_id_561,경남,경남 김해시,전문분야 취업지원,19,39,20200310,20200313
document_id_950,policy_id_551,경남,경남 김해시,전문분야 취업지원,19,39,20200101,20201231
document_id_951,policy_id_549,경남,경남 김해시,전문분야 취업지원,0,99,20200101,20201231
document_id_952,policy_id_548,경남,경남 김해시,전문분야 취업지원,15,39,20200101,20201231
document_id_953,policy_id_532,경남,경남 고성군,전문분야 취업지원,18,39,20200101,20201231
document_id_954,policy_id_531,경남,경남 고성군,전문분야 취업지원,18,39,20200301,20200331
document_id_955,policy_id_512,경남,경남 고성군,전문분야 취업지원,0,99,20200101,20201231
document_id_956,policy_id_2667,충북,충북 청주시,전문분야 취업지원,0,99,20200101,20201231
document_id_957,policy_id_2662,충북,충북 청주시,전문분야 취업지원,0,99,20200101,20201231
document_id_958,policy_id_2659,충북,충북 청주시,전문분야 취업지원,19,39,20200101,20201231
document_id_959,policy_id_2658,충북,충북 청주시,전문분야 취업지원,0,99,20200101,20201231
document_id_960,policy_id_2657,충북,충북 청주시,전문분야 취업지원,0,99,20200101,20201231
document_id_961,policy_id_2582,충북,충북,전문분야 취업지원,19,39,20201224,20210131
document_id_962,policy_id_2573,충북,충북,전문분야 취업지원,15,39,20200101,20201231
document_id_963,policy_id_2510,충남,충남 홍성군,전문분야 취업지원,18,39,20200101,20201231
document_id_964,policy_id_2450,충남,충남 부여군,전문분야 취업지원,0,39,20200210,20200318
document_id_965,policy_id_2446,충남,충남,전문분야 취업지원,18,39,20200114,20200220
document_id_966,policy_id_2443,충남,충남,전문분야 취업지원,18,39,20200101,20200130
document_id_967,policy_id_2441,충남,충남,전문분야 취업지원,18,39,20200101,20200130
document_id_968,policy_id_2440,충남,충남,전문분야 취업지원,18,39,20200101,20200130
document_id_969,policy_id_2439,충남,충남,전문분야 취업지원,18,39,20200101,20200130
document_id_970,policy_id_2438,충남,충남,전문분야 취업지원,18,39,20200101,20200130
document_id_971,policy_id_2437,충남,충남,전문분야 취업지원,18,39,20200301,20200330
document_id_972,policy_id_2436,충남,충남,전문분야 취업지원,17,19,20200101,20201231
document_id_973,policy_id_2434,충남,충남,전문분야 취업지원,18,39,20200101,20201231
document_id_974,policy_id_2411,충남,충남,전문분야 취업지원,18,39,20200101,20201231
document_id_975,policy_id_2410,충남,충남,전문분야 취업지원,18,39,20200101,20201231
document_id_976,policy_id_2374,충남,충남 논산시,전문분야 취업지원,18,39,20200101,20201231
document_id_977,policy_id_2363,충남,충남 공주시,전문분야 취업지원,18,39,20200813,20200830
document_id_978,policy_id_2304,전남,제주,전문분야 취업지원,18,34,20200101,20201231
document_id_979,policy_id_2285,전남,제주,전문분야 취업지원,18,39,20200101,20201231
document_id_980,policy_id_2280,전남,제주,전문분야 취업지원,18,39,20200101,20201231
document_id_981,policy_id_2278,전남,제주,전문분야 취업지원,0,99,20200101,20201231
document_id_982,policy_id_1896,전남,전남 화순군,전문분야 취업지원,18,49,20200101,20201231
document_id_983,policy_id_1812,전남,전남,전문분야 취업지원,18,45,20200101,20201231
document_id_984,policy_id_1809,전남,전남,전문분야 취업지원,16,20,20200101,20991231
document_id_985,policy_id_1805,전남,전남,전문분야 취업지원,18,34,20200101,20201231
document_id_986,policy_id_1804,전남,전남,전문분야 취업지원,18,34,20200101,20201231
document_id_987,policy_id_1802,전남,전남,전문분야 취업지원,0,99,20200101,20201203
document_id_988,policy_id_1799,전남,전남,전문분야 취업지원,0,39,20200101,20200228
document_id_989,policy_id_1748,전남,전남 광양시,전문분야 취업지원,18,39,20200128,20200217
document_id_990,policy_id_1725,경기,인천 중구,전문분야 취업지원,20,99,20200101,20201231
document_id_991,policy_id_1718,경기,인천 연수구,전문분야 취업지원,19,39,20200101,20201231
document_id_992,policy_id_1694,경기,인천,전문분야 취업지원,0,99,20200901,20200930
document_id_993,policy_id_1671,경기,인천,전문분야 취업지원,0,39,20200101,20201231
document_id_994,policy_id_1670,경기,인천,전문분야 취업지원,0,39,20200101,20201231
document_id_995,policy_id_1663,경기,인천 미추홀구,전문분야 취업지원,18,39,20200101,20201231
document_id_996,policy_id_1625,경남,울산 울주군,전문분야 취업지원,0,39,20200301,20200331
document_id_997,policy_id_1547,서울,서울 중랑구,전문분야 취업지원,18,34,20200309,20201231
document_id_998,policy_id_1519,서울,서울 영등포구,전문분야 취업지원,19,39,20200101,20201231
document_id_999,policy_id_1518,서울,서울 영등포구,전문분야 취업지원,19,39,20200101,20201231
document_id_1000,policy_id_1517,서울,서울 영등포구,전문분야 취업지원,19,39,20200501,20200530
document_id_1001,policy_id_1476,서울,서울 성동구,전문분야 취업지원,0,39,20200203,20200217
document_id_1002,policy_id_1463,서울,서울 서초구,전문분야 취업지원,19,39,20200601,20200630
document_id_1003,policy_id_1462,서울,서울 서초구,전문분야 취업지원,19,39,20200101,20201231
document_id_1004,policy_id_1461,서울,서울 서초구,전문분야 취업지원,19,39,20200221,20200228
document_id_1005,policy_id_1424,서울,서울,전문분야 취업지원,18,39,20200128,20200226
document_id_1006,policy_id_140,강원,강원 양구군,전문분야 취업지원,18,34,20200101,20201231
document_id_1007,policy_id_1244,경남,부산 중구,전문분야 취업지원,0,39,20200101,20201231
document_id_1008,policy_id_1237,경남,부산 영도구,전문분야 취업지원,18,39,20200101,20201231
document_id_1009,policy_id_1231,경남,부산 수영구,전문분야 취업지원,18,39,20200101,20201231
document_id_1010,policy_id_1204,경남,부산,전문분야 취업지원,18,39,20200107,20200207
document_id_1011,policy_id_1202,경남,부산,전문분야 취업지원,18,39,20200129,20201231
document_id_1012,policy_id_1139,경남,부산,전문분야 취업지원,18,39,20200101,20200930
document_id_1013,policy_id_1078,충남,대전,전문분야 취업지원,0,39,20200101,20200228
document_id_1014,policy_id_1076,충남,대전,전문분야 취업지원,0,39,20200201,20200331
document_id_1015,policy_id_1068,충남,대전,전문분야 취업지원,19,39,20200101,20200110
document_id_1016,policy_id_1067,충남,대전,전문분야 취업지원,19,39,20200101,20200110
document_id_1017,policy_id_1066,충남,대전,전문분야 취업지원,18,39,20200310,20200313
document_id_1018,policy_id_2944,전국,전국,전문분야 취업지원,0,99,20200715,20200726
document_id_1019,policy_id_2941,전국,전국,전문분야 취업지원,0,99,20200715,20200725
document_id_1020,policy_id_2938,전국,전국,전문분야 취업지원,0,99,20200801,20201130
document_id_1021,policy_id_2937,전국,전국,전문분야 취업지원,19,34,20200708,20200723
document_id_1022,policy_id_2936,전국,전국,전문분야 취업지원,0,99,20200708,20200713
document_id_1023,policy_id_2931,전국,전국,전문분야 취업지원,15,34,20200101,20201231
document_id_1024,policy_id_2930,전국,전국,전문분야 취업지원,0,99,20200401,20200630
document_id_1025,policy_id_2929,전국,전국,전문분야 취업지원,0,99,20200101,20201231
document_id_1026,policy_id_2928,전국,전국,전문분야 취업지원,0,99,20200101,20201231
document_id_1027,policy_id_2927,전국,전국,전문분야 취업지원,19,32,20200101,20201231
document_id_1028,policy_id_2923,전국,전국,전문분야 취업지원,19,99,20200101,20201231
document_id_1029,policy_id_2922,전국,전국,전문분야 취업지원,19,34,20200716,20200724
document_id_1030,policy_id_2921,전국,전국,전문분야 취업지원,18,99,20200101,20241231
document_id_1031,policy_id_2919,전국,전국,전문분야 취업지원,0,99,20200101,20201231
document_id_1032,policy_id_2897,전국,전국,전문분야 취업지원,0,99,20200302,20200313
document_id_1033,policy_id_2864,전국,전국,전문분야 취업지원,0,99,20200901,20201030
document_id_1034,policy_id_2863,전국,전국,전문분야 취업지원,0,99,20200101,20201231
document_id_1035,policy_id_2860,전국,전국,전문분야 취업지원,19,39,20200101,20201231
document_id_1036,policy_id_2858,전국,전국,전문분야 취업지원,0,99,20200101,20201231
document_id_1037,policy_id_2856,전국,전국,전문분야 취업지원,0,99,20200101,20201231
document_id_1038,policy_id_2845,전국,전국,전문분야 취업지원,18,28,20200101,20201231
document_id_1039,policy_id_2839,전국,전국,전문분야 취업지원,0,34,20200101,20201231
document_id_1040,policy_id_2838,전국,전국,전문분야 취업지원,18,35,20200101,20201231
document_id_1041,policy_id_2835,전국,전국,전문분야 취업지원,19,60,20200101,20201231
document_id_1042,policy_id_2834,전국,전국,전문분야 취업지원,18,40,20200101,20201231
document_id_1043,policy_id_2832,전국,전국,전문분야 취업지원,19,34,20200128,20200228
document_id_1044,policy_id_2830,전국,전국,전문분야 취업지원,18,39,20200701,20200830
document_id_1045,policy_id_2829,전국,전국,전문분야 취업지원,19,99,20201201,20210131
document_id_1046,policy_id_2828,전국,전국,전문분야 취업지원,18,39,20201223,20210122
document_id_1047,policy_id_2827,전국,전국,전문분야 취업지원,20,39,20200101,20201231
document_id_1048,policy_id_2820,전국,전국,전문분야 취업지원,18,39,20200101,20201231
document_id_1049,policy_id_2805,전국,전국,전문분야 취업지원,0,99,20200101,20201231
document_id_1050,policy_id_2804,전국,전국,전문분야 취업지원,0,99,20200201,20200831
document_id_1051,policy_id_2803,전국,전국,전문분야 취업지원,15,34,20200101,20201231
document_id_1052,policy_id_2791,전국,전국,전문분야 취업지원,0,99,20200101,20201231
document_id_1053,policy_id_2790,전국,전국,전문분야 취업지원,0,99,20200101,20201231
document_id_1054,policy_id_2750,전국,전국,전문분야 취업지원,18,99,20200901,20201231
document_id_1055,policy_id_2748,전국,전국,전문분야 취업지원,15,34,20200501,20200630
document_id_1056,policy_id_2742,전국,전국,전문분야 취업지원,15,65,20200101,20200930
document_id_1057,policy_id_2740,전국,전국,전문분야 취업지원,0,34,20200422,20200527
document_id_1058,policy_id_2738,전국,전국,전문분야 취업지원,0,99,20200301,20200531
document_id_1059,policy_id_2736,전국,전국,전문분야 취업지원,0,99,20200301,20200731
document_id_1060,policy_id_2735,전국,전국,전문분야 취업지원,0,99,20200101,20201231
document_id_1061,policy_id_2734,전국,전국,전문분야 취업지원,0,99,20200101,20201231
document_id_1062,policy_id_2353,전남,제주 서귀포시,전문분야 취업지원,19,99,20200101,20201231
document_id_1063,policy_id_2348,전남,제주,전문분야 취업지원,18,39,20200101,20201231
document_id_1064,policy_id_2347,전남,제주,전문분야 취업지원,0,99,20200601,20200731
document_id_1065,policy_id_2303,전남,제주,전문분야 취업지원,0,99,20200120,20200204
document_id_1066,policy_id_2302,전남,제주,전문분야 취업지원,18,34,20200101,20201231
document_id_1067,policy_id_2482,충남,충남 예산군,전문분야 취업지원,18,39,20200129,20200219
document_id_1068,policy_id_2480,충남,충남 예산군,전문분야 취업지원,18,39,20200129,20200217
document_id_1069,policy_id_2479,충남,충남 예산군,전문분야 취업지원,18,39,20201202,20210631
document_id_1070,policy_id_2451,충남,충남 부여군,전문분야 취업지원,20,39,20200101,20201231
document_id_1071,policy_id_2424,충남,충남,전문분야 취업지원,18,50,20200101,20201231
document_id_1072,policy_id_2423,충남,충남,전문분야 취업지원,18,50,20200101,20201231
document_id_1073,policy_id_2389,충남,충남 보령시,전문분야 취업지원,20,39,20200301,20200510
document_id_1074,policy_id_2382,충남,충남 당진시,전문분야 취업지원,18,39,20200101,20201231
document_id_1075,policy_id_786,경남,경남 함천군,전문분야 취업지원,18,39,20200101,20201231
document_id_1076,policy_id_785,경남,경남 함천군,전문분야 취업지원,18,39,20200201,20200228
document_id_1077,policy_id_782,경남,경남 함천군,전문분야 취업지원,18,39,20200101,20201231
document_id_1078,policy_id_771,경남,경남 하동군,전문분야 취업지원,18,99,20200101,20201231
document_id_1079,policy_id_758,경남,경남 통영시,전문분야 취업지원,18,39,20200101,20201231
document_id_1080,policy_id_735,경남,경남 창원시,전문분야 취업지원,18,34,20200101,20201231
document_id_1081,policy_id_734,경남,경남 창원시,전문분야 취업지원,18,34,20200101,20201231
document_id_1082,policy_id_722,경남,경남 창녕군,전문분야 취업지원,18,39,20200101,20201231
document_id_1083,policy_id_721,경남,경남 창녕군,전문분야 취업지원,18,39,20200101,20201231
document_id_1084,policy_id_701,경남,경남 진주시,전문분야 취업지원,18,39,20200101,20201231
document_id_1085,policy_id_699,경남,경남 진주시,전문분야 취업지원,0,99,20200101,20201231
document_id_1086,policy_id_694,경남,경남 진주시,전문분야 취업지원,18,39,20200101,20201231
document_id_1087,policy_id_678,경남,경남 양산시,전문분야 취업지원,18,39,20200101,20201231
document_id_1088,policy_id_647,경남,경남,전문분야 취업지원,19,39,20200301,20200331
document_id_1089,policy_id_628,경남,경남,전문분야 취업지원,0,99,20200101,20201231
document_id_1090,policy_id_627,경남,경남,전문분야 취업지원,19,39,20200320,20200410
document_id_1091,policy_id_626,경남,경남,전문분야 취업지원,0,35,20200201,20200331
document_id_1092,policy_id_607,경남,경남,전문분야 취업지원,0,39,20200101,20201231
document_id_1093,policy_id_598,경남,경남,전문분야 취업지원,18,40,20200401,20200401
document_id_1094,policy_id_597,경남,경남 밀양시,전문분야 취업지원,18,39,20200201,20200228
document_id_1095,policy_id_590,경남,경남 밀양시,전문분야 취업지원,18,39,20200101,20201231
document_id_1096,policy_id_585,경남,경남 밀양시,전문분야 취업지원,18,39,20200203,20200212
document_id_1097,policy_id_534,경남,경남 고성군,전문분야 취업지원,18,39,20200101,20201231
document_id_1098,policy_id_527,경남,경남 거창군,전문분야 취업지원,18,34,20200201,20200229
document_id_1099,policy_id_488,경기,경기 포천시,전문분야 취업지원,19,39,20200101,20201231
document_id_1100,policy_id_477,경기,경기 포천시,전문분야 취업지원,0,99,20200101,20200228
document_id_1101,policy_id_442,경기,경기 용인시,전문분야 취업지원,18,99,20200201,20200228
document_id_1102,policy_id_427,경기,경기 오산시,전문분야 취업지원,18,29,20200601,20201231
document_id_1103,policy_id_415,경기,경기 양평군,전문분야 취업지원,18,39,20200501,20200630
document_id_1104,policy_id_399,경기,경기 안양시,전문분야 취업지원,20,39,20200201,20200228
document_id_1105,policy_id_383,경기,경기 안양시,전문분야 취업지원,0,39,20200101,20201231
document_id_1106,policy_id_345,경기,경기 시흥시,전문분야 취업지원,0,99,20201101,20201230
document_id_1107,policy_id_320,경기,경기 수원시,전문분야 취업지원,0,99,20200101,20201231
document_id_1108,policy_id_272,경기,경기 부천시,전문분야 취업지원,0,99,20200101,20201231
document_id_1109,policy_id_259,경기,경기,전문분야 취업지원,0,99,20200101,20201231
document_id_1110,policy_id_255,경기,경기,전문분야 취업지원,0,99,20200101,20201231
document_id_1111,policy_id_252,경기,경기,전문분야 취업지원,18,34,20200413,20200605
document_id_1112,policy_id_216,경기,경기 군포시,전문분야 취업지원,18,39,20200227,20200311
document_id_1113,policy_id_210,경기,경기 광주시,전문분야 취업지원,18,34,20200901,20200930
document_id_1114,policy_id_1723,경기,인천 중구,전문분야 취업지원,18,64,20201216,20201221
document_id_1115,policy_id_1700,경기,인천,전문분야 취업지원,0,99,20200121,20200830
document_id_1116,policy_id_1697,경기,인천,전문분야 취업지원,18,99,20200301,20200931
document_id_1117,policy_id_1688,경기,인천,전문분야 취업지원,0,99,20200301,20210221
document_id_1118,policy_id_1650,경기,인천 남동구,전문분야 취업지원,0,99,20201201,20201230
document_id_1119,policy_id_1641,경기,인천 강화군,전문분야 취업지원,18,39,20200108,20200220
document_id_1120,policy_id_966,전남,광주 동구,전문분야 취업지원,19,39,20200101,20201231
document_id_1121,policy_id_924,경북,경북 포항시,전문분야 취업지원,0,99,20200302,20201231
document_id_1122,policy_id_914,경북,경북 청도군,전문분야 취업지원,0,39,20200101,20201231
document_id_1123,policy_id_909,경북,경북 의성군,전문분야 취업지원,0,45,20200101,20200630
document_id_1124,policy_id_889,경북,경북 영양군,전문분야 취업지원,0,29,20200101,20200731
document_id_1125,policy_id_888,경북,경북 영양군,전문분야 취업지원,18,39,20200201,20200229
document_id_1126,policy_id_884,경북,경북 안동시,전문분야 취업지원,18,39,20200301,20200331
document_id_1127,policy_id_878,경북,경북 상주시,전문분야 취업지원,18,39,20200101,20201231
document_id_1128,policy_id_870,경북,경북,전문분야 취업지원,16,39,20200101,20201231
document_id_1129,policy_id_867,경북,경북,전문분야 취업지원,15,39,20200401,20200531
document_id_1130,policy_id_862,경북,경북,전문분야 취업지원,18,39,20200312,20200323
document_id_1131,policy_id_839,경북,경북,전문분야 취업지원,0,39,20200214,20200302
document_id_1132,policy_id_827,경북,경북,전문분야 취업지원,0,39,20200101,20200131
document_id_1133,policy_id_803,경북,경북 구미시,전문분야 취업지원,20,39,20200101,20201231
document_id_1134,policy_id_2256,전북,전북 정읍시,전문분야 취업지원,0,44,20200401,20200430
document_id_1135,policy_id_2252,전북,전북 정읍시,전문분야 취업지원,18,40,20200101,20200131
document_id_1136,policy_id_2245,전북,전북 정읍시,전문분야 취업지원,18,39,20200301,20200331
document_id_1137,policy_id_2216,전북,전북 전주시,전문분야 취업지원,18,39,20200101,20201231
document_id_1138,policy_id_2215,전북,전북 전주시,전문분야 취업지원,0,99,20200101,20201231
document_id_1139,policy_id_2214,전북,전북 전주시,전문분야 취업지원,0,99,20200401,20200930
document_id_1140,policy_id_2213,전북,전북 전주시,전문분야 취업지원,0,99,20200101,20201231
document_id_1141,policy_id_2212,전북,전북 전주시,전문분야 취업지원,0,99,20200101,20201231
document_id_1142,policy_id_2211,전북,전북 전주시,전문분야 취업지원,18,49,20200101,20201231
document_id_1143,policy_id_2179,전북,전북 장수군,전문분야 취업지원,18,39,20200101,20201231
document_id_1144,policy_id_2178,전북,전북 장수군,전문분야 취업지원,0,99,20200201,20200229
document_id_1145,policy_id_2177,전북,전북 장수군,전문분야 취업지원,0,99,20200101,20201231
document_id_1146,policy_id_2173,전북,전북 장수군,전문분야 취업지원,18,99,20200101,20201231
document_id_1147,policy_id_2169,전북,전북 장수군,전문분야 취업지원,0,49,20200210,20200220
document_id_1148,policy_id_2154,전북,전북 임실군,전문분야 취업지원,18,39,20200120,20200128
document_id_1149,policy_id_2094,전북,전북 순창군,전문분야 취업지원,0,99,20200219,20200226
document_id_1150,policy_id_2074,전북,전북,전문분야 취업지원,0,99,20200101,20201231
document_id_1151,policy_id_2071,전북,전북,전문분야 취업지원,18,49,20200101,20201231
document_id_1152,policy_id_2067,전북,전북,전문분야 취업지원,0,99,20200101,20201231
document_id_1153,policy_id_2026,전북,전북,전문분야 취업지원,0,99,20200101,20201231
document_id_1154,policy_id_1995,전북,전북,전문분야 취업지원,0,99,20200101,20201231
document_id_1155,policy_id_1994,전북,전북,전문분야 취업지원,0,99,20200101,20201231
document_id_1156,policy_id_1993,전북,전북,전문분야 취업지원,0,99,20200101,20201231
document_id_1157,policy_id_1991,전북,전북,전문분야 취업지원,0,99,20201001,20201131
document_id_1158,policy_id_1990,전북,전북,전문분야 취업지원,0,99,20201230,20210114
document_id_1159,policy_id_1988,전북,전북,전문분야 취업지원,0,99,20200102,20200113
document_id_1160,policy_id_1978,전북,전북,전문분야 취업지원,0,99,20201201,20210110
document_id_1161,policy_id_1971,전북,전북,전문분야 취업지원,0,99,20200101,20201231
document_id_1162,policy_id_1970,전북,전북,전문분야 취업지원,0,99,20200101,20201231
document_id_1163,policy_id_1958,전북,전북 남원시,전문분야 취업지원,18,39,20200101,20201231
document_id_1164,policy_id_1957,전북,전북 남원시,전문분야 취업지원,0,99,20200301,20200331
document_id_1165,policy_id_1954,전북,전북 남원시,전문분야 취업지원,0,99,20200601,20201231
document_id_1166,policy_id_1951,전북,전북 남원시,전문분야 취업지원,0,39,20200101,20201231
document_id_1167,policy_id_1949,전북,전북 남원시,전문분야 취업지원,18,39,20200101,20201231
document_id_1168,policy_id_1948,전북,전북 남원시,전문분야 취업지원,0,39,20200101,20201231
document_id_1169,policy_id_1947,전북,전북 남원시,전문분야 취업지원,0,39,20200101,20201231
document_id_1170,policy_id_1910,전북,전북 고창군,전문분야 취업지원,18,39,20200101,20200131
document_id_1171,policy_id_1907,전북,전북 고창군,전문분야 취업지원,18,34,20201201,20210630
document_id_1172,policy_id_1904,전북,전북 고창군,전문분야 취업지원,18,39,20200101,20201231
document_id_1173,policy_id_1891,전북,전북 해남군,전문분야 취업지원,0,39,20200101,20200331
document_id_1174,policy_id_1890,전북,전북 해남군,전문분야 취업지원,0,39,20200101,20200331
document_id_1175,policy_id_1859,전남,전남 여수시,전문분야 취업지원,0,99,20200106,20200117
document_id_1176,policy_id_1811,전남,전남,전문분야 취업지원,18,34,20200901,20200930
document_id_1177,policy_id_1794,전남,전남,전문분야 취업지원,0,99,20200101,20201231
document_id_1178,policy_id_1768,전남,전남,전문분야 취업지원,18,34,20200302,20201210
document_id_1179,policy_id_1544,서울,서울 중구,전문분야 취업지원,18,39,20200110,20200120
document_id_1180,policy_id_1527,서울,서울 용산구,전문분야 취업지원,18,34,20200101,20201231
document_id_1181,policy_id_1505,서울,서울 송파구,전문분야 취업지원,18,39,20200301,20200331
document_id_1182,policy_id_1489,서울,서울 성동구,전문분야 취업지원,0,99,20200128,20200214
document_id_1183,policy_id_1478,서울,서울 성동구,전문분야 취업지원,0,39,20200316,20200402
document_id_1184,policy_id_1475,서울,서울 성동구,전문분야 취업지원,0,39,20200203,20200226
document_id_1185,policy_id_1474,서울,서울 성동구,전문분야 취업지원,19,39,20200101,20200331
document_id_1186,policy_id_1443,서울,서울,전문분야 취업지원,18,39,20200101,20201231
document_id_1187,policy_id_1420,서울,서울,전문분야 취업지원,19,39,20200220,20200308
document_id_1188,policy_id_1409,서울,서울,전문분야 취업지원,0,99,20200201,20201231
document_id_1189,policy_id_1403,서울,서울 마포구,전문분야 취업지원,0,99,20200101,20201231
document_id_1190,policy_id_1402,서울,서울 마포구,전문분야 취업지원,0,99,20200101,20201231
document_id_1191,policy_id_1398,서울,서울 마포구,전문분야 취업지원,0,99,20200101,20201231
document_id_1192,policy_id_1385,서울,서울 동작구,전문분야 취업지원,0,39,20200101,20201231
document_id_1193,policy_id_1383,서울,서울 동작구,전문분야 취업지원,0,39,20200101,20201231
document_id_1194,policy_id_1382,서울,서울 동작구,전문분야 취업지원,0,99,20200101,20200430
document_id_1195,policy_id_1378,서울,서울 동대문구,전문분야 취업지원,18,99,20201101,20201215
document_id_1196,policy_id_1366,서울,서울 동대문구,전문분야 취업지원,0,99,20200101,20201231
document_id_1197,policy_id_1353,서울,서울 노원구,전문분야 취업지원,15,20,20200401,20200430
document_id_1198,policy_id_1324,서울,서울 구로구,전문분야 취업지원,18,39,20200101,20201231
document_id_1199,policy_id_1319,서울,서울 광진구,전문분야 취업지원,0,99,20200201,20200431
document_id_1200,policy_id_1288,서울,서울 강서구,전문분야 취업지원,0,99,20200101,20200331
document_id_1201,policy_id_1287,서울,서울 강서구,전문분야 취업지원,0,99,20200101,20201231
document_id_1202,policy_id_1254,서울,서울 강남구,전문분야 취업지원,0,99,20200101,20200630
document_id_1203,policy_id_1248,경남,부산 해운대구,전문분야 취업지원,0,39,20200131,20200214
document_id_1204,policy_id_1246,경남,부산 해운대구,전문분야 취업지원,0,39,20200219,20200228
document_id_1205,policy_id_1235,경남,부산 연재구,전문분야 취업지원,18,99,20201202,20201211
document_id_1206,policy_id_1209,경남,부산 부산진구,전문분야 취업지원,0,99,20200101,20200630
document_id_1207,policy_id_1203,경남,부산,전문분야 취업지원,18,39,20200101,20200331
document_id_1208,policy_id_1199,경남,부산,전문분야 취업지원,18,34,20200101,20201231
document_id_1209,policy_id_1138,경남,부산,전문분야 취업지원,0,99,20200101,20201231
document_id_1210,policy_id_1134,경남,부산,전문분야 취업지원,18,34,20200101,20201231
document_id_1211,policy_id_1133,경남,부산,전문분야 취업지원,18,34,20200101,20201231
document_id_1212,policy_id_1132,경남,부산,전문분야 취업지원,18,34,20200101,20201231
document_id_1213,policy_id_1129,경남,부산,전문분야 취업지원,0,99,20200101,20201231
document_id_1214,policy_id_133,강원,강원,전문분야 취업지원,18,39,20200101,20200229
document_id_1215,policy_id_125,강원,강원,전문분야 취업지원,0,99,20200101,20201231
document_id_1216,policy_id_124,강원,강원,전문분야 취업지원,19,39,20200203,20200225
document_id_1217,policy_id_2680,충북,충북 충주시,전문분야 취업지원,18,39,20200101,20201231
document_id_1218,policy_id_2679,충북,충북 충주시,전문분야 취업지원,18,39,20200101,20200331
document_id_1219,policy_id_2678,충북,충북 충주시,전문분야 취업지원,18,39,20200101,20201231
document_id_1220,policy_id_2601,충북,충북 옥천군,전문분야 취업지원,18,39,20200302,20201210
document_id_1221,policy_id_2571,충북,충북,전문분야 취업지원,0,39,20200101,20201231
document_id_1222,policy_id_2570,충북,충북,전문분야 취업지원,0,39,20200101,20201231
document_id_1223,policy_id_2561,충북,충북,전문분야 취업지원,0,99,20200217,20200331
document_id_1224,policy_id_2545,충북,충북,전문분야 취업지원,0,45,20200301,20200301
document_id_1225,policy_id_2542,충북,충북,전문분야 취업지원,0,39,20200226,20201231
document_id_1226,policy_id_2541,충북,충북,전문분야 취업지원,0,39,20200226,20201231
document_id_1227,policy_id_1597,경남,울산,전문분야 취업지원,0,39,20200201,20201231
document_id_1228,policy_id_1576,충북,세종,전문분야 취업지원,18,39,20200101,20201231
document_id_1229,policy_id_1568,충북,세종,전문분야 취업지원,19,29,20200101,20201231
document_id_1230,policy_id_1562,충북,세종,전문분야 취업지원,18,39,20200101,20201231
document_id_1231,policy_id_1560,충북,세종,전문분야 취업지원,18,39,20200302,20200313
document_id_1232,policy_id_1559,충북,세종,전문분야 취업지원,0,45,20200301,20200430
document_id_1233,policy_id_1098,충남,대전 중구,전문분야 취업지원,18,34,20200615,20200630
document_id_1234,policy_id_1086,충남,대전 서구,전문분야 취업지원,19,39,20201201,20201231
document_id_1235,policy_id_69,경북,대구 달서구,전문분야 취업지원,19,39,20200401,20200631
document_id_1236,policy_id_65,경북,대구 달서구,전문분야 취업지원,0,34,20200201,20200331
document_id_1237,policy_id_44,경북,대구,전문분야 취업지원,0,99,20200601,20200701
document_id_1238,policy_id_89,경북,대구,해외진출,0,34,20200101,20201231
document_id_1239,policy_id_854,경북,경북,해외진출,18,30,20200101,20201231
document_id_1240,policy_id_801,경북,경북 구미시,해외진출,18,34,20200401,20200531
document_id_1241,policy_id_68,경북,대구 달서구,해외진출,19,39,20200401,20200630
document_id_1242,policy_id_2639,충북,충북 제천시,해외진출,0,99,20200101,20201231
document_id_1243,policy_id_2501,충남,충남,해외진출,0,99,20201201,20201231
document_id_1244,policy_id_2500,충남,충남,해외진출,0,99,20200501,20200531
document_id_1245,policy_id_2447,충남,충남,해외진출,18,34,20200801,20200830
document_id_1246,policy_id_2361,충남,충남 계릉시,해외진출,0,99,20200301,20200331
document_id_1247,policy_id_2298,전남,제주,해외진출,0,99,20200101,20201231
document_id_1248,policy_id_2297,전남,제주,해외진출,18,34,20200101,20200229
document_id_1249,policy_id_2296,전남,제주,해외진출,0,99,20200101,20201231
document_id_1250,policy_id_1793,전남,전남,해외진출,0,34,20200401,20200531
document_id_1251,policy_id_1719,경기,인천 연수구,해외진출,19,39,20200501,20200531
document_id_1252,policy_id_1457,서울,서울 서초구,해외진출,19,39,20200101,20201231
document_id_1253,policy_id_1425,서울,서울,해외진출,0,99,20200101,20201231
document_id_1254,policy_id_1163,경남,부산,해외진출,18,39,20200601,20200630
document_id_1255,policy_id_1090,충남,대전 서구,해외진출,19,39,20200501,20201031
document_id_1256,policy_id_1062,충남,대전,해외진출,0,99,20200301,20200430
document_id_1257,policy_id_1061,충남,대전,해외진출,15,39,20200301,20200430
document_id_1258,policy_id_1017,전남,광주,해외진출,0,34,20200101,20201231
document_id_1259,policy_id_2915,전국,전국,해외진출,0,99,20200101,20201231
document_id_1260,policy_id_2886,전국,전국,해외진출,0,34,20200224,20201007
document_id_1261,policy_id_2885,전국,전국,해외진출,19,39,20200501,20201231
document_id_1262,policy_id_2884,전국,전국,해외진출,19,99,20201025,20201105
document_id_1263,policy_id_2883,전국,전국,해외진출,19,34,20200123,20200207
document_id_1264,policy_id_2882,전국,전국,해외진출,0,99,20200101,20201231
document_id_1265,policy_id_2881,전국,전국,해외진출,0,99,20200401,20201130
document_id_1266,policy_id_2880,전국,전국,해외진출,0,99,20200221,20200409
document_id_1267,policy_id_2879,전국,전국,해외진출,0,99,20200101,20200229
document_id_1268,policy_id_2878,전국,전국,해외진출,18,29,20200701,20200804
document_id_1269,policy_id_2877,전국,전국,해외진출,19,99,20201220,20210111
document_id_1270,policy_id_2876,전국,전국,해외진출,18,99,20200224,20200401
document_id_1271,policy_id_2875,전국,전국,해외진출,19,60,20200101,20201231
document_id_1272,policy_id_2874,전국,전국,해외진출,19,34,20200501,20201130
document_id_1273,policy_id_2873,전국,전국,해외진출,19,34,20200601,20201231
document_id_1274,policy_id_2872,전국,전국,해외진출,20,99,20200701,20210229
document_id_1275,policy_id_2871,전국,전국,해외진출,18,39,20200701,20201031
document_id_1276,policy_id_2862,전국,전국,해외진출,18,39,20200101,20201231
document_id_1277,policy_id_2855,전국,전국,해외진출,19,34,20201201,20210131
document_id_1278,policy_id_2831,전국,전국,해외진출,18,34,20201001,20201231
document_id_1279,policy_id_2819,전국,전국,해외진출,0,34,20200102,20200114
document_id_1280,policy_id_2787,전국,전국,해외진출,0,99,20200101,20201231
document_id_1281,policy_id_2733,전국,전국,해외진출,0,99,20200101,20201231
document_id_1282,policy_id_2730,전국,전국,해외진출,18,34,20200101,20201231
document_id_1283,policy_id_2729,전국,전국,해외진출,18,99,20200101,20201231
document_id_1284,policy_id_2728,전국,전국,해외진출,0,34,20200101,20201231
document_id_1285,policy_id_2719,전국,전국,해외진출,15,34,20200101,20201231
document_id_1286,policy_id_2696,전국,전국,해외진출,0,34,20200101,20201231
document_id_1287,policy_id_743,경남,경남 창원시,해외진출,0,99,20200401,20200531
document_id_1288,policy_id_644,경남,경남,해외진출,18,34,20200101,20201231
document_id_1289,policy_id_501,경기,경기 화성시,해외진출,19,39,20200205,20200221
document_id_1290,policy_id_474,경기,경기 평택시,해외진출,0,34,20200101,20201231
document_id_1291,policy_id_436,경기,경기 용인시,해외진출,0,99,20200101,20201231
document_id_1292,policy_id_402,경기,경기 안양시,해외진출,18,99,20200101,20200331
document_id_1293,policy_id_316,경기,경기 수원시,해외진출,0,34,20200101,20201231
document_id_1294,policy_id_2201,전북,전북 장수군,해외진출,11,15,20200323,20200327
document_id_1295,policy_id_2060,전북,전북,해외진출,0,99,20200101,20201231
document_id_1296,policy_id_1985,전북,전북,해외진출,0,34,20200201,20200229
document_id_1297,policy_id_1939,전북,전북 김제시,해외진출,0,99,20200330,20200403
document_id_1298,policy_id_1396,서울,서울 마포구,해외진출,18,39,20200101,20201231
document_id_1299,policy_id_2664,충북,충북 청주시,해외진출,19,34,20200101,20201231
document_id_1300,policy_id_50,경북,대구 수성구,해외진출,19,39,20200101,20201231
document_id_1301,policy_id_21,경북,대구 달서구,해외진출,0,99,20200101,20201231